icdbase,TQIPbr,TQIPeffect,TQIPint,TQIPn,TQIPais,NISbr,NISeffect,NISint,NISn,NISais,TQIPais_mod,NISais_mod,TQIPbr_mod,NISbr_mod
S00.0,Head/Neck,-0.019883991200932535,-4.2736704084674155,91873,1,Head/Neck,-0.0553422768266622,-3.9084784086638207,8434,2,1,2,Head/Neck,Head/Neck
S00.1,Face,0.11042477375616551,-4.2736704084674155,29746,1,Face,-0.1321449182675398,-3.9084784086638207,2212,1,1,1,Face,Face
S00.2,Face,-0.13116838391726002,-4.2736704084674155,5144,1,Face,-0.5439452772992126,-3.9084784086638207,681,1,1,1,Face,Face
S00.3,Face,-0.010940266635864664,-4.2736704084674155,10723,1,Face,-0.25862641243475043,-3.9084784086638207,1198,1,1,1,Face,Face
S00.4,Face,0.02125998465381553,-4.2736704084674155,3339,1,Face,-0.0360377065989487,-3.9084784086638207,395,2,1,2,Face,Face
S00.5,Face,0.30348352188973315,-4.2736704084674155,6459,2,Face,-0.8416651835898523,-3.9084784086638207,889,1,2,1,Face,Face
S00.8,Head/Neck,0.0023062692834381017,-4.2736704084674155,88187,1,Head/Neck,-0.13889956278653035,-3.9084784086638207,12407,1,1,1,Head/Neck,Head/Neck
S00.9,Head/Neck,0.20668106283186635,-4.2736704084674155,3912,1,Head/Neck,-0.13992143730015769,-3.9084784086638207,1858,1,1,1,Head/Neck,Head/Neck
S01.0,Head/Neck,0.04102330018860182,-4.2736704084674155,75498,1,Head/Neck,-0.07581817652558004,-3.9084784086638207,12872,2,1,2,Head/Neck,Head/Neck
S01.1,Face,-0.2457706308142079,-4.2736704084674155,29131,1,Face,-0.3367216630962603,-3.9084784086638207,5345,1,1,1,Face,Face
S01.2,Face,-0.1496569331198588,-4.2736704084674155,10945,1,Face,-0.04602081230986952,-3.9084784086638207,1631,2,1,2,Face,Face
S01.3,Face,-0.33718117275470444,-4.2736704084674155,9453,1,Face,-0.3482943288226092,-3.9084784086638207,1465,1,1,1,Face,Face
S01.4,Face,-0.12374144353017061,-4.2736704084674155,13479,1,Face,-0.27175375629317927,-3.9084784086638207,1278,1,1,1,Face,Face
S01.5,Face,-0.19591700153425254,-4.2736704084674155,26958,1,Face,-0.24708558531867664,-3.9084784086638207,4700,1,1,1,Face,Face
S01.8,Head/Neck,0.015610923488163878,-4.2736704084674155,51116,1,Head/Neck,0.0959101570617253,-3.9084784086638207,11247,2,1,2,Head/Neck,Head/Neck
S01.9,Head/Neck,0.8812000514875583,-4.2736704084674155,1659,4,Head/Neck,0.7021891516008075,-3.9084784086638207,752,4,4,4,Head/Neck,Head/Neck
S02.0,Head/Neck,0.33436923165965016,-4.2736704084674155,39730,2,Head/Neck,0.32100177409802555,-3.9084784086638207,3602,3,2,3,Head/Neck,Head/Neck
S02.1,Face,0.2352450952002162,-4.2736704084674155,36528,2,Face,0.24335479881309738,-3.9084784086638207,8029,3,2,3,Face,Face
S02.2,Face,-0.08465103717571548,-4.2736704084674155,42538,1,Face,-0.12256980163689203,-3.9084784086638207,7618,1,1,1,Face,Face
S02.3,Face,-0.17816795707519628,-4.2736704084674155,22032,1,Face,-0.31850903001502223,-3.9084784086638207,3843,1,1,1,Face,Face
S02.4,Face,-0.11027045207605686,-4.2736704084674155,42903,1,Face,0.07921374136245986,-3.9084784086638207,6762,2,1,2,Face,Face
S02.5,Face,-0.19581956136324521,-4.2736704084674155,9604,1,Face,-0.5740121306585391,-3.9084784086638207,1357,1,1,1,Face,Face
S02.6,Face,-0.11095047716310463,-4.2736704084674155,20495,1,Face,-0.4092350824693184,-3.9084784086638207,3580,1,1,1,Face,Face
S02.8,Head/Neck,0.017648577560286084,-4.2736704084674155,28058,1,Head/Neck,0.059904012346778265,-3.9084784086638207,3352,2,1,2,Head/Neck,Head/Neck
S02.9,Head/Neck,1.812521403875133,-4.2736704084674155,3555,5,Head/Neck,1.1588262221861352,-3.9084784086638207,620,5,5,5,Head/Neck,Head/Neck
S03.0,Face,0.019038439099471834,-4.2736704084674155,1289,1,Face,0.20806386403770874,-3.9084784086638207,186,3,1,3,Face,Face
S03.1,Face,-0.07381334341651102,-4.2736704084674155,92,1,Face,-1.3517659928911734,-3.9084784086638207,6,1,1,1,Face,Face
S03.2,Face,-0.3173565710828888,-4.2736704084674155,2288,1,Face,-0.586195434948005,-3.9084784086638207,300,1,1,1,Face,Face
S03.4,Face,-0.24513813110452926,-4.2736704084674155,480,1,Face,-1.3096728976558825,-3.9084784086638207,2,1,1,1,Face,Face
S03.8,Head/Neck,0.03236383227975804,-4.2736704084674155,27,1,Head/Neck,-1.3425930020201995,-3.9084784086638207,3,1,1,1,Head/Neck,Head/Neck
S03.9,Head/Neck,-1.1237679088029098,-4.2736704084674155,12,1,NA,NA,NA,NA,NA,1,1,Head/Neck,Head/Neck
S04.0,Head/Neck,-0.2910103503166253,-4.2736704084674155,681,1,Head/Neck,-1.0551031089036427,-3.9084784086638207,92,1,1,1,Head/Neck,Head/Neck
S04.1,Head/Neck,-1.2168651734003708,-4.2736704084674155,142,1,Head/Neck,-2.8104419770383435,-3.9084784086638207,13,1,1,1,Head/Neck,Head/Neck
S04.2,Head/Neck,-2.082289997073898,-4.2736704084674155,40,1,Head/Neck,-1.1616495429519496,-3.9084784086638207,7,1,1,1,Head/Neck,Head/Neck
S04.3,Head/Neck,-1.4572687735277647,-4.2736704084674155,93,1,Head/Neck,-1.6935371774986954,-3.9084784086638207,10,1,1,1,Head/Neck,Head/Neck
S04.4,Head/Neck,-2.9321519564530534,-4.2736704084674155,167,1,Head/Neck,-0.36054129439264293,-3.9084784086638207,17,1,1,1,Head/Neck,Head/Neck
S04.5,Head/Neck,-1.5919282538973987,-4.2736704084674155,715,1,Head/Neck,-0.16493027098058077,-3.9084784086638207,133,1,1,1,Head/Neck,Head/Neck
S04.6,Head/Neck,-0.43325019058259606,-4.2736704084674155,37,1,Head/Neck,-2.360858428407808,-3.9084784086638207,20,1,1,1,Head/Neck,Head/Neck
S04.7,Head/Neck,1.1624003359397423,-4.2736704084674155,7,4,Head/Neck,4.544965373711141,-3.9084784086638207,3,5,4,5,Head/Neck,Head/Neck
S04.8,Head/Neck,0.046085104749850024,-4.2736704084674155,90,1,Head/Neck,-3.198111893605367,-3.9084784086638207,27,1,1,1,Head/Neck,Head/Neck
S04.9,Head/Neck,-0.321441225113631,-4.2736704084674155,42,1,Head/Neck,-1.155253222636277,-3.9084784086638207,5,1,1,1,Head/Neck,Head/Neck
S05.0,Face,-0.5627782832456975,-4.2736704084674155,6047,1,Face,-0.34511182244536803,-3.9084784086638207,562,1,1,1,Face,Face
S05.1,Face,0.05266713515508619,-4.2736704084674155,7739,1,Face,0.03871343153920351,-3.9084784086638207,2485,2,1,2,Face,Face
S05.2,Face,-0.1719459664436323,-4.2736704084674155,1663,1,Face,-0.997594778587196,-3.9084784086638207,274,1,1,1,Face,Face
S05.3,Face,-0.08663910725176069,-4.2736704084674155,2705,1,Face,0.026925444617593147,-3.9084784086638207,408,2,1,2,Face,Face
S05.4,Face,-0.1848942326929675,-4.2736704084674155,363,1,Face,0.3874023229196873,-3.9084784086638207,210,3,1,3,Face,Face
S05.5,Face,-0.20335658088435124,-4.2736704084674155,538,1,Face,-0.2888229268229928,-3.9084784086638207,56,1,1,1,Face,Face
S05.6,Face,0.0592495291214491,-4.2736704084674155,121,1,Face,0.10198956831691271,-3.9084784086638207,15,2,1,2,Face,Face
S05.7,Face,0.39248542522517393,-4.2736704084674155,252,2,Face,0.7374340251132023,-3.9084784086638207,53,4,2,4,Face,Face
S05.8,Face,-0.12272502910765884,-4.2736704084674155,2004,1,Face,0.043428963747478344,-3.9084784086638207,209,2,1,2,Face,Face
S05.9,Face,0.10284636728285158,-4.2736704084674155,7501,1,Face,0.35261636053080436,-3.9084784086638207,127,3,1,3,Face,Face
S06.0,Head/Neck,-0.6933299382056815,-4.2736704084674155,95422,1,Head/Neck,-0.7811183090448616,-3.9084784086638207,8808,1,1,1,Head/Neck,Head/Neck
S06.1,Head/Neck,1.550136286541094,-4.2736704084674155,10724,5,Head/Neck,1.5448359513962537,-3.9084784086638207,2018,5,5,5,Head/Neck,Head/Neck
S06.2,Head/Neck,1.2890114631094465,-4.2736704084674155,5938,5,Head/Neck,0.9682025273029389,-3.9084784086638207,2936,5,5,5,Head/Neck,Head/Neck
S06.3,Head/Neck,0.8207762093940767,-4.2736704084674155,53000,4,Head/Neck,0.784468151925411,-3.9084784086638207,4667,5,4,5,Head/Neck,Head/Neck
S06.4,Head/Neck,-0.4210420252107186,-4.2736704084674155,10517,1,Head/Neck,-0.2824324553723592,-3.9084784086638207,1997,1,1,1,Head/Neck,Head/Neck
S06.5,Head/Neck,0.9579579265242267,-4.2736704084674155,93051,4,Head/Neck,1.036073587888254,-3.9084784086638207,20723,5,4,5,Head/Neck,Head/Neck
S06.6,Head/Neck,0.5426796708587153,-4.2736704084674155,76857,3,Head/Neck,0.7248647417335553,-3.9084784086638207,14734,4,3,4,Head/Neck,Head/Neck
S06.8,Head/Neck,0.7399282941973497,-4.2736704084674155,14210,4,Head/Neck,1.273442315659438,-3.9084784086638207,609,5,4,5,Head/Neck,Head/Neck
S06.9,Head/Neck,0.6242915494588636,-4.2736704084674155,11310,3,Head/Neck,0.1829362852963336,-3.9084784086638207,4150,3,3,3,Head/Neck,Head/Neck
S07.0,Face,0.3343068057646881,-4.2736704084674155,211,2,Face,1.6665542511055915,-3.9084784086638207,21,5,2,5,Face,Face
S07.1,Head/Neck,4.384237052396207,-4.2736704084674155,72,5,Head/Neck,1.218880335141088,-3.9084784086638207,10,5,5,5,Head/Neck,Head/Neck
S07.8,Head/Neck,3.429214121686655,-4.2736704084674155,4,5,Head/Neck,-0.988855737083173,-3.9084784086638207,2,1,5,1,Head/Neck,Head/Neck
S07.9,Head/Neck,5.0746485692402485,-4.2736704084674155,12,5,Head/Neck,-3.879394746373931,-3.9084784086638207,3,1,5,1,Head/Neck,Head/Neck
S08.0,Head/Neck,0.370338037005818,-4.2736704084674155,1704,2,Head/Neck,0.17819348754376718,-3.9084784086638207,149,3,2,3,Head/Neck,Head/Neck
S08.1,Face,0.21745147152285368,-4.2736704084674155,309,1,Face,-0.6523623349457945,-3.9084784086638207,47,1,1,1,Face,Face
S08.8,Head/Neck,0.4738275773411039,-4.2736704084674155,81,3,Head/Neck,1.2914826953268823,-3.9084784086638207,10,5,3,5,Head/Neck,Head/Neck
S09.0,Head/Neck,0.17129538337120334,-4.2736704084674155,561,1,Head/Neck,-0.08658588084516583,-3.9084784086638207,102,1,1,1,Head/Neck,Head/Neck
S09.1,Head/Neck,0.6425839096050255,-4.2736704084674155,668,3,Head/Neck,-0.7879933402498451,-3.9084784086638207,190,1,3,1,Head/Neck,Head/Neck
S09.2,Face,-0.7334059855108236,-4.2736704084674155,814,1,Face,-0.38024088571967607,-3.9084784086638207,131,1,1,1,Face,Face
S09.3,Head/Neck,-0.6982071499482653,-4.2736704084674155,507,1,Head/Neck,-1.9490623231808533,-3.9084784086638207,32,1,1,1,Head/Neck,Head/Neck
S09.8,Head/Neck,0.28960225983562793,-4.2736704084674155,2774,2,Head/Neck,-0.25766205168975126,-3.9084784086638207,761,1,2,1,Head/Neck,Head/Neck
S09.9,Head/Neck,0.2843094218013837,-4.2736704084674155,25433,2,Head/Neck,-0.13456053990428524,-3.9084784086638207,8024,1,2,1,Head/Neck,Head/Neck
S10.0,Head/Neck,0.628335672578626,-4.2736704084674155,445,3,Head/Neck,0.6535974628332106,-3.9084784086638207,74,4,3,4,Head/Neck,Head/Neck
S10.1,Head/Neck,0.378394352937072,-4.2736704084674155,178,2,Head/Neck,-1.6228731206949356,-3.9084784086638207,33,1,2,1,Head/Neck,Head/Neck
S10.8,Head/Neck,0.3630292930713872,-4.2736704084674155,3976,2,Head/Neck,-0.18610774350108072,-3.9084784086638207,275,1,2,1,Head/Neck,Head/Neck
S10.9,Head/Neck,0.39858775420549897,-4.2736704084674155,6347,2,Head/Neck,0.356706857890253,-3.9084784086638207,913,3,2,3,Head/Neck,Head/Neck
S11.0,Head/Neck,0.8714123219702326,-4.2736704084674155,571,4,Head/Neck,1.240626653031651,-3.9084784086638207,90,5,4,5,Head/Neck,Head/Neck
S11.1,Head/Neck,0.32297720997988044,-4.2736704084674155,171,2,Head/Neck,0.07630863674572856,-3.9084784086638207,23,2,2,2,Head/Neck,Head/Neck
S11.2,Head/Neck,0.37581935332920363,-4.2736704084674155,519,2,Head/Neck,-0.2603634400169242,-3.9084784086638207,123,1,2,1,Head/Neck,Head/Neck
S11.8,Head/Neck,0.134240522466191,-4.2736704084674155,3569,1,Head/Neck,-0.4781279789283733,-3.9084784086638207,528,1,1,1,Head/Neck,Head/Neck
S11.9,Head/Neck,0.4699730977626002,-4.2736704084674155,5073,3,Head/Neck,-0.2623701427128366,-3.9084784086638207,842,1,3,1,Head/Neck,Head/Neck
S12.0,Head/Neck,0.6314278733026403,-4.2736704084674155,8537,3,Head/Neck,0.6414878941073273,-3.9084784086638207,1857,4,3,4,Head/Neck,Head/Neck
S12.1,Head/Neck,0.7056262200506374,-4.2736704084674155,16010,3,Head/Neck,0.8086473959807706,-3.9084784086638207,3628,5,3,5,Head/Neck,Head/Neck
S12.2,Head/Neck,0.17125886242902705,-4.2736704084674155,3926,1,Head/Neck,0.10780159490981693,-3.9084784086638207,789,2,1,2,Head/Neck,Head/Neck
S12.3,Head/Neck,0.3191656882449031,-4.2736704084674155,5209,2,Head/Neck,0.35725597665310965,-3.9084784086638207,1090,3,2,3,Head/Neck,Head/Neck
S12.4,Head/Neck,0.22497496000655612,-4.2736704084674155,7803,1,Head/Neck,0.13460422820941687,-3.9084784086638207,1638,2,1,2,Head/Neck,Head/Neck
S12.5,Head/Neck,0.18139738663053137,-4.2736704084674155,11772,1,Head/Neck,0.3187492107410154,-3.9084784086638207,2404,3,1,3,Head/Neck,Head/Neck
S12.6,Head/Neck,-0.1085638562953018,-4.2736704084674155,15163,1,Head/Neck,-0.060809229092542924,-3.9084784086638207,3084,2,1,2,Head/Neck,Head/Neck
S12.8,Head/Neck,0.8803773225217331,-4.2736704084674155,774,4,Head/Neck,0.6100298396393595,-3.9084784086638207,148,4,4,4,Head/Neck,Head/Neck
S12.9,Head/Neck,0.30866696917815883,-4.2736704084674155,3225,2,Head/Neck,0.6537508477144369,-3.9084784086638207,209,4,2,4,Head/Neck,Head/Neck
S13.0,Head/Neck,-0.1080394491478233,-4.2736704084674155,429,1,Head/Neck,0.9434491465970488,-3.9084784086638207,24,5,1,5,Head/Neck,Head/Neck
S13.1,Head/Neck,0.6473466236039491,-4.2736704084674155,4636,3,Head/Neck,0.524433956469146,-3.9084784086638207,555,4,3,4,Head/Neck,Head/Neck
S13.2,Head/Neck,0.7120218808560355,-4.2736704084674155,62,3,Head/Neck,-1.9374163925253889,-3.9084784086638207,1,1,3,1,Head/Neck,Head/Neck
S13.4,Head/Neck,-0.6496998188552877,-4.2736704084674155,11381,1,Head/Neck,-0.476729381689592,-3.9084784086638207,793,1,1,1,Head/Neck,Head/Neck
S13.5,Head/Neck,-4.838263929903702,-4.2736704084674155,7,1,Head/Neck,-0.9344891796135226,-3.9084784086638207,3,1,1,1,Head/Neck,Head/Neck
S13.8,Head/Neck,-1.0555374499707033,-4.2736704084674155,7027,1,Head/Neck,-1.747889167360376,-3.9084784086638207,37,1,1,1,Head/Neck,Head/Neck
S13.9,Head/Neck,-0.7269685799722337,-4.2736704084674155,405,1,Head/Neck,-0.19702587929713622,-3.9084784086638207,173,1,1,1,Head/Neck,Head/Neck
S14.0,Head/Neck,0.4612485389996394,-4.2736704084674155,1135,3,Head/Neck,0.4791747640393491,-3.9084784086638207,259,3,3,3,Head/Neck,Head/Neck
S14.1,Head/Neck,1.2425387009768794,-4.2736704084674155,8806,4,Head/Neck,1.0219366109159804,-3.9084784086638207,1997,5,4,5,Head/Neck,Head/Neck
S14.2,Head/Neck,-0.6575334599309419,-4.2736704084674155,237,1,Head/Neck,-1.6568224251757484,-3.9084784086638207,33,1,1,1,Head/Neck,Head/Neck
S14.3,Head/Neck,-1.5252600763738506,-4.2736704084674155,818,1,Head/Neck,-1.0819944405630935,-3.9084784086638207,271,1,1,1,Head/Neck,Head/Neck
S14.4,Head/Neck,-1.8271426772004107,-4.2736704084674155,11,1,Head/Neck,-2.064951368440988,-3.9084784086638207,3,1,1,1,Head/Neck,Head/Neck
S14.5,Head/Neck,1.5591952323572287,-4.2736704084674155,18,5,Head/Neck,-2.479077819197615,-3.9084784086638207,16,1,5,1,Head/Neck,Head/Neck
S14.8,Head/Neck,0.4238488764868955,-4.2736704084674155,54,3,Head/Neck,-0.04509431277318196,-3.9084784086638207,16,2,3,2,Head/Neck,Head/Neck
S14.9,Head/Neck,-1.4939626215370378,-4.2736704084674155,43,1,Head/Neck,-1.6159647665832146,-3.9084784086638207,9,1,1,1,Head/Neck,Head/Neck
S15.0,Head/Neck,0.46147729111271396,-4.2736704084674155,2487,3,Head/Neck,0.6179224498573337,-3.9084784086638207,160,4,3,4,Head/Neck,Head/Neck
S15.1,Head/Neck,0.18648948948349134,-4.2736704084674155,4019,1,Head/Neck,0.10305892825514702,-3.9084784086638207,354,2,1,2,Head/Neck,Head/Neck
S15.2,Head/Neck,0.3405978494644109,-4.2736704084674155,471,2,Head/Neck,1.0683851501922648,-3.9084784086638207,95,5,2,5,Head/Neck,Head/Neck
S15.3,Head/Neck,1.037134215644813,-4.2736704084674155,542,4,Head/Neck,0.7087600880282762,-3.9084784086638207,87,4,4,4,Head/Neck,Head/Neck
S15.8,Head/Neck,0.48636470784272373,-4.2736704084674155,173,3,Head/Neck,0.7032739058099369,-3.9084784086638207,41,4,3,4,Head/Neck,Head/Neck
S15.9,Head/Neck,0.6462098904403845,-4.2736704084674155,85,3,Head/Neck,2.3430995627087507,-3.9084784086638207,14,5,3,5,Head/Neck,Head/Neck
S16.1,Head/Neck,-1.1575918318659755,-4.2736704084674155,4881,1,Head/Neck,-0.9762446444540178,-3.9084784086638207,1388,1,1,1,Head/Neck,Head/Neck
S16.2,Head/Neck,0.378350421890197,-4.2736704084674155,570,2,Head/Neck,-1.588873748101794,-3.9084784086638207,115,1,2,1,Head/Neck,Head/Neck
S16.8,Head/Neck,0.8363834351346222,-4.2736704084674155,308,4,Head/Neck,-1.4694928351282894,-3.9084784086638207,11,1,4,1,Head/Neck,Head/Neck
S16.9,Head/Neck,0.07923605727193446,-4.2736704084674155,54,1,Head/Neck,-1.6076697999519045,-3.9084784086638207,15,1,1,1,Head/Neck,Head/Neck
S17.0,Head/Neck,1.9027224524562492,-4.2736704084674155,28,5,Head/Neck,-1.590350539783352,-3.9084784086638207,5,1,5,1,Head/Neck,Head/Neck
S17.8,Head/Neck,-1.88028581931533,-4.2736704084674155,1,1,Head/Neck,3.0703304161992504,-3.9084784086638207,4,5,1,5,Head/Neck,Head/Neck
S17.9,Head/Neck,4.025136838842017,-4.2736704084674155,6,5,Head/Neck,2.3324917941361187,-3.9084784086638207,9,5,5,5,Head/Neck,Head/Neck
S19.8,Head/Neck,0.37714101494615176,-4.2736704084674155,1498,2,Head/Neck,-0.08433528838123763,-3.9084784086638207,162,1,2,1,Head/Neck,Head/Neck
S19.9,Head/Neck,0.45960477910369946,-4.2736704084674155,1174,3,Head/Neck,0.3055047217565604,-3.9084784086638207,218,3,3,3,Head/Neck,Head/Neck
S20.0,Chest,0.23168843521584462,-4.2736704084674155,1822,1,Chest,-0.5291850998216133,-3.9084784086638207,284,1,1,1,Chest,Chest
S20.1,Chest,0.2391678299576061,-4.2736704084674155,530,2,Chest,-1.1647861082729898,-3.9084784086638207,63,1,2,1,Chest,Chest
S20.2,Chest,0.17620991201632616,-4.2736704084674155,29787,1,Chest,-0.13975027814062285,-3.9084784086638207,4730,1,1,1,Chest,Chest
S20.3,Chest,0.1945558687339974,-4.2736704084674155,9482,1,Chest,-0.26663604539872127,-3.9084784086638207,991,1,1,1,Chest,Chest
S20.4,Chest,0.10493222785677622,-4.2736704084674155,6136,1,Chest,-0.5747120176843369,-3.9084784086638207,430,1,1,1,Chest,Chest
S20.9,Chest,0.08859484248315502,-4.2736704084674155,8349,1,Chest,-1.5660559834020142,-3.9084784086638207,57,1,1,1,Chest,Chest
S21.0,Chest,0.0037643251454423615,-4.2736704084674155,474,1,Chest,0.07968543027672666,-3.9084784086638207,144,2,1,2,Chest,Chest
S21.1,Chest,0.4056606884284171,-4.2736704084674155,4696,2,Chest,0.05198666165063838,-3.9084784086638207,1205,2,2,2,Chest,Chest
S21.2,Chest,-0.04686246448569561,-4.2736704084674155,2946,1,Chest,0.1260273244956778,-3.9084784086638207,473,2,1,2,Chest,Chest
S21.3,Chest,1.2967359934924731,-4.2736704084674155,2341,5,Chest,0.11799801748127785,-3.9084784086638207,845,2,5,2,Chest,Chest
S21.4,Chest,0.8229031241897711,-4.2736704084674155,1108,4,Chest,-0.04769240532680211,-3.9084784086638207,283,2,4,2,Chest,Chest
S21.9,Chest,0.94469504785169,-4.2736704084674155,4907,4,Chest,-0.20580026536660156,-3.9084784086638207,110,1,4,1,Chest,Chest
S22.0,Chest,0.05940217052233043,-4.2736704084674155,54415,1,Chest,0.006792430019447237,-3.9084784086638207,12437,2,1,2,Chest,Chest
S22.2,Chest,0.1665899647708175,-4.2736704084674155,22673,1,Chest,0.3522446329017126,-3.9084784086638207,3689,3,1,3,Chest,Chest
S22.3,Chest,-0.02955326800307388,-4.2736704084674155,33028,1,Chest,0.16313020171706047,-3.9084784086638207,8419,3,1,3,Chest,Chest
S22.4,Chest,0.3495010600685434,-4.2736704084674155,113447,2,Chest,0.5036938603407025,-3.9084784086638207,25310,4,2,4,Chest,Chest
S22.5,Chest,0.8666408254687753,-4.2736704084674155,6578,4,Chest,0.7910879053433105,-3.9084784086638207,1029,5,4,5,Chest,Chest
S22.8,Chest,-1.171577181773093,-4.2736704084674155,1,1,NA,NA,NA,NA,NA,1,1,Chest,Chest
S22.9,Chest,2.1193274830458866,-4.2736704084674155,38,5,Chest,-0.6569596477268623,-3.9084784086638207,66,1,5,1,Chest,Chest
S23.0,Chest,1.1561630407472228,-4.2736704084674155,103,4,Chest,-2.228950891939461,-3.9084784086638207,1,1,4,1,Chest,Chest
S23.1,Chest,0.35167895719449666,-4.2736704084674155,830,2,Chest,0.825554159761939,-3.9084784086638207,28,5,2,5,Chest,Chest
S23.2,Chest,0.25825758883082256,-4.2736704084674155,166,2,Chest,-0.05415788840776846,-3.9084784086638207,36,2,2,2,Chest,Chest
S23.3,Chest,-0.12320977606665719,-4.2736704084674155,3468,1,Chest,-0.046258922165172744,-3.9084784086638207,96,2,1,2,Chest,Chest
S23.4,Chest,-0.020319790734433643,-4.2736704084674155,335,1,Chest,-1.4219222131376499,-3.9084784086638207,47,1,1,1,Chest,Chest
S23.8,Chest,-1.0451669629436735,-4.2736704084674155,69,1,Chest,-1.3022758184618681,-3.9084784086638207,2,1,1,1,Chest,Chest
S23.9,Chest,0.014662437294878903,-4.2736704084674155,92,1,Chest,-1.2336170602751566,-3.9084784086638207,10,1,1,1,Chest,Chest
S24.0,Chest,0.3140773874793975,-4.2736704084674155,372,2,Chest,0.6897419274970034,-3.9084784086638207,57,4,2,4,Chest,Chest
S24.1,Chest,0.09539417316206981,-4.2736704084674155,2966,1,Chest,0.426790192337733,-3.9084784086638207,661,3,1,3,Chest,Chest
S24.2,Chest,-0.8023928083712011,-4.2736704084674155,56,1,Chest,-1.989060998663108,-3.9084784086638207,11,1,1,1,Chest,Chest
S24.3,Chest,-1.041848544530649,-4.2736704084674155,4,1,NA,NA,NA,NA,NA,1,1,Chest,Chest
S24.4,Chest,-0.9570325524412879,-4.2736704084674155,8,1,Chest,-1.8939545953990813,-3.9084784086638207,3,1,1,1,Chest,Chest
S24.8,Chest,-4.559178795456237,-4.2736704084674155,11,1,Chest,-1.7075904758437919,-3.9084784086638207,4,1,1,1,Chest,Chest
S24.9,Chest,-1.1540540120865237,-4.2736704084674155,5,1,Chest,-1.6607549301397782,-3.9084784086638207,1,1,1,1,Chest,Chest
S25.0,Chest,1.2772111180804626,-4.2736704084674155,2695,4,Chest,0.5600115241544305,-3.9084784086638207,267,4,4,4,Chest,Chest
S25.1,Chest,0.7461352913906577,-4.2736704084674155,531,4,Chest,1.2571761259433156,-3.9084784086638207,75,5,4,5,Chest,Chest
S25.2,Chest,2.455590262235141,-4.2736704084674155,162,5,Chest,3.1612050774187384,-3.9084784086638207,16,5,5,5,Chest,Chest
S25.3,Chest,1.3607706092732423,-4.2736704084674155,249,5,Chest,0.736481281099067,-3.9084784086638207,36,4,5,4,Chest,Chest
S25.4,Chest,1.9124815796485422,-4.2736704084674155,363,5,Chest,1.200036840040609,-3.9084784086638207,32,5,5,5,Chest,Chest
S25.5,Chest,0.2280604374577135,-4.2736704084674155,328,1,Chest,1.2469321879839255,-3.9084784086638207,79,5,1,5,Chest,Chest
S25.8,Chest,0.5723412556197455,-4.2736704084674155,475,3,Chest,0.25973015642378794,-3.9084784086638207,63,3,3,3,Chest,Chest
S25.9,Chest,1.4818259533762057,-4.2736704084674155,61,5,Chest,1.1541638660532878,-3.9084784086638207,8,5,5,5,Chest,Chest
S26.0,Chest,2.2790577965503527,-4.2736704084674155,2151,5,Chest,1.6158108237118487,-3.9084784086638207,131,5,5,5,Chest,Chest
S26.1,Chest,0.9256972327009549,-4.2736704084674155,1812,4,Chest,0.22770731127814478,-3.9084784086638207,166,3,4,3,Chest,Chest
S26.2,Chest,-1.2523821456197957,-4.2736704084674155,1,1,NA,NA,NA,NA,NA,1,1,Chest,Chest
S26.9,Chest,1.3366635014509902,-4.2736704084674155,1076,5,Chest,0.9874919390207819,-3.9084784086638207,486,5,5,5,Chest,Chest
S27.0,Chest,-0.02413480466296062,-4.2736704084674155,58105,1,Chest,0.24655068619530163,-3.9084784086638207,9278,3,1,3,Chest,Chest
S27.1,Chest,1.1085267735835378,-4.2736704084674155,15340,4,Chest,0.5939693808993561,-3.9084784086638207,2316,4,4,4,Chest,Chest
S27.2,Chest,0.2176956455810878,-4.2736704084674155,19046,1,Chest,0.3885486578939576,-3.9084784086638207,4324,3,1,3,Chest,Chest
S27.3,Chest,0.14179666875790142,-4.2736704084674155,61623,1,Chest,0.022286134500288036,-3.9084784086638207,10478,2,1,2,Chest,Chest
S27.4,Chest,1.022653300981568,-4.2736704084674155,157,4,Chest,1.5273929353047353,-3.9084784086638207,26,5,4,5,Chest,Chest
S27.5,Chest,0.7254566111318476,-4.2736704084674155,80,3,Chest,2.434297162655222,-3.9084784086638207,10,5,3,5,Chest,Chest
S27.6,Chest,0.54937670954586,-4.2736704084674155,698,3,Chest,0.5423634021267074,-3.9084784086638207,134,4,3,4,Chest,Chest
S27.8,Chest,0.320800814600957,-4.2736704084674155,7135,2,Chest,0.2600104365603655,-3.9084784086638207,1254,3,2,3,Chest,Chest
S27.9,Chest,2.167285150012363,-4.2736704084674155,133,5,Chest,0.5985342644498889,-3.9084784086638207,69,4,5,4,Chest,Chest
S28.0,Chest,3.6632058011109443,-4.2736704084674155,96,5,Chest,0.49288421559391327,-3.9084784086638207,88,3,5,3,Chest,Chest
S28.1,Chest,0.3449682329348359,-4.2736704084674155,73,2,NA,NA,NA,NA,NA,2,2,Chest,Chest
S28.2,Chest,-3.2516921801186878,-4.2736704084674155,6,1,Chest,-2.3629831052360397,-3.9084784086638207,1,1,1,1,Chest,Chest
S29.0,Chest,0.05228722383423344,-4.2736704084674155,1337,1,Chest,-0.5126558631072321,-3.9084784086638207,372,1,1,1,Chest,Chest
S29.8,Chest,-0.03621966339920889,-4.2736704084674155,6175,1,Chest,0.20853100279981557,-3.9084784086638207,95,3,1,3,Chest,Chest
S29.9,Chest,1.0503709432545933,-4.2736704084674155,2181,4,Chest,0.028632433807253308,-3.9084784086638207,352,2,4,2,Chest,Chest
S30.0,Abdomen,0.129714040476826,-4.2736704084674155,8823,1,Abdomen,-0.060045773770863294,-3.9084784086638207,2951,2,1,2,Abdomen,Abdomen
S30.1,Abdomen,0.07290404970571927,-4.2736704084674155,24565,1,Abdomen,-0.014363841346150912,-3.9084784086638207,3891,2,1,2,Abdomen,Abdomen
S30.2,Abdomen,0.19476498633460196,-4.2736704084674155,1409,1,Abdomen,-0.06252480794611823,-3.9084784086638207,292,2,1,2,Abdomen,Abdomen
S30.3,Abdomen,0.14651872106125235,-4.2736704084674155,52,1,Abdomen,-1.3102350081152365,-3.9084784086638207,5,1,1,1,Abdomen,Abdomen
S30.8,Abdomen,-0.12990106658192913,-4.2736704084674155,26631,1,Abdomen,-0.29806185212661246,-3.9084784086638207,2506,1,1,1,Abdomen,Abdomen
S30.9,Abdomen,0.5444706752473178,-4.2736704084674155,311,3,Abdomen,-0.22969744611574544,-3.9084784086638207,126,1,3,1,Abdomen,Abdomen
S31.0,Abdomen,0.20270885631892427,-4.2736704084674155,2432,1,Abdomen,0.22517620380568215,-3.9084784086638207,573,3,1,3,Abdomen,Abdomen
S31.1,Abdomen,-0.0930704608575694,-4.2736704084674155,8717,1,Abdomen,-0.18397552778872595,-3.9084784086638207,1944,1,1,1,Abdomen,Abdomen
S31.2,Abdomen,0.1376382664327939,-4.2736704084674155,701,1,Abdomen,-0.8322252608936073,-3.9084784086638207,152,1,1,1,Abdomen,Abdomen
S31.3,Abdomen,0.16063279101927516,-4.2736704084674155,1514,1,Abdomen,0.30681090280803075,-3.9084784086638207,238,3,1,3,Abdomen,Abdomen
S31.4,Abdomen,-0.32363205459175737,-4.2736704084674155,1008,1,Abdomen,-0.559705084558336,-3.9084784086638207,184,1,1,1,Abdomen,Abdomen
S31.5,Abdomen,0.538660144385286,-4.2736704084674155,257,3,Abdomen,0.4379174596678421,-3.9084784086638207,23,3,3,3,Abdomen,Abdomen
S31.6,Abdomen,0.4038193368933697,-4.2736704084674155,6103,2,Abdomen,-0.08066545397850892,-3.9084784086638207,1565,2,2,2,Abdomen,Abdomen
S31.8,Abdomen,0.25937979021970614,-4.2736704084674155,3399,2,Abdomen,-0.28584350549144494,-3.9084784086638207,794,1,2,1,Abdomen,Abdomen
S32.0,Abdomen,-0.15305532846251935,-4.2736704084674155,62867,1,Abdomen,-0.2296616364651268,-3.9084784086638207,15067,1,1,1,Abdomen,Abdomen
S32.1,Abdomen,-0.09313134945338429,-4.2736704084674155,20116,1,Abdomen,-0.033730996729298086,-3.9084784086638207,6082,2,1,2,Abdomen,Abdomen
S32.2,Abdomen,-0.38812808262431353,-4.2736704084674155,905,1,Abdomen,0.022000430183740382,-3.9084784086638207,315,2,1,2,Abdomen,Abdomen
S32.3,Abdomen,0.16951444532542484,-4.2736704084674155,8110,1,Abdomen,0.23971476714950998,-3.9084784086638207,1645,3,1,3,Abdomen,Abdomen
S32.4,Abdomen,-0.13350099257701883,-4.2736704084674155,26288,1,Abdomen,0.02942852743248621,-3.9084784086638207,5504,2,1,2,Abdomen,Abdomen
S32.5,Abdomen,0.17865860511240692,-4.2736704084674155,31840,1,Abdomen,0.13830707253156685,-3.9084784086638207,11147,2,1,2,Abdomen,Abdomen
S32.6,Abdomen,0.16527748355959274,-4.2736704084674155,1554,1,Abdomen,-0.026853736225333564,-3.9084784086638207,428,2,1,2,Abdomen,Abdomen
S32.8,Abdomen,0.46645806953078717,-4.2736704084674155,12159,3,Abdomen,0.14562176435258914,-3.9084784086638207,2461,2,3,2,Abdomen,Abdomen
S32.9,Abdomen,0.735210089789303,-4.2736704084674155,5207,3,Abdomen,0.5073451662391738,-3.9084784086638207,532,4,3,4,Abdomen,Abdomen
S33.0,Abdomen,-0.9584866398651134,-4.2736704084674155,138,1,Abdomen,-1.1513141219306657,-3.9084784086638207,4,1,1,1,Abdomen,Abdomen
S33.1,Abdomen,-0.3702691884156132,-4.2736704084674155,594,1,Abdomen,-1.2081568294001808,-3.9084784086638207,71,1,1,1,Abdomen,Abdomen
S33.2,Abdomen,-0.15847366523599668,-4.2736704084674155,1945,1,Abdomen,-0.8589232323890442,-3.9084784086638207,240,1,1,1,Abdomen,Abdomen
S33.3,Abdomen,-0.011077379210196426,-4.2736704084674155,138,1,Abdomen,-1.8660908137005643,-3.9084784086638207,41,1,1,1,Abdomen,Abdomen
S33.4,Abdomen,-0.10284820123756563,-4.2736704084674155,540,1,Abdomen,-1.4456708804038236,-3.9084784086638207,153,1,1,1,Abdomen,Abdomen
S33.5,Abdomen,-0.7296469486721916,-4.2736704084674155,3872,1,Abdomen,-0.0782964875641293,-3.9084784086638207,246,2,1,2,Abdomen,Abdomen
S33.6,Abdomen,0.02625203014202966,-4.2736704084674155,119,1,Abdomen,-1.3138614060186795,-3.9084784086638207,22,1,1,1,Abdomen,Abdomen
S33.8,Abdomen,-1.2269391910511924,-4.2736704084674155,199,1,Abdomen,-1.244739524617098,-3.9084784086638207,19,1,1,1,Abdomen,Abdomen
S33.9,Abdomen,-0.06050455373086935,-4.2736704084674155,124,1,Abdomen,0.3251452359322184,-3.9084784086638207,40,3,1,3,Abdomen,Abdomen
S34.0,Abdomen,-1.0521419856709378,-4.2736704084674155,278,1,Abdomen,-1.6603188649191793,-3.9084784086638207,23,1,1,1,Abdomen,Abdomen
S34.1,Abdomen,-0.3880270952166357,-4.2736704084674155,1609,1,Abdomen,-0.17689187397945857,-3.9084784086638207,397,1,1,1,Abdomen,Abdomen
S34.2,Abdomen,-1.585333533267229,-4.2736704084674155,225,1,Abdomen,-1.537900277379693,-3.9084784086638207,46,1,1,1,Abdomen,Abdomen
S34.3,Abdomen,0.3194091385917199,-4.2736704084674155,247,2,Abdomen,0.4777233715148028,-3.9084784086638207,23,3,2,3,Abdomen,Abdomen
S34.4,Abdomen,0.04838759227691455,-4.2736704084674155,40,1,Abdomen,-1.4038313558487316,-3.9084784086638207,17,1,1,1,Abdomen,Abdomen
S34.5,Abdomen,1.031324510173632,-4.2736704084674155,10,4,Abdomen,-1.406296041842543,-3.9084784086638207,3,1,4,1,Abdomen,Abdomen
S34.6,Abdomen,1.8126451465179603,-4.2736704084674155,8,5,Abdomen,-1.095925356898021,-3.9084784086638207,4,1,5,1,Abdomen,Abdomen
S34.8,Abdomen,-1.4556370536847962,-4.2736704084674155,11,1,Abdomen,-1.1467142363333922,-3.9084784086638207,6,1,1,1,Abdomen,Abdomen
S34.9,Abdomen,-1.8306944371022038,-4.2736704084674155,17,1,Abdomen,-1.241773691260633,-3.9084784086638207,2,1,1,1,Abdomen,Abdomen
S35.0,Abdomen,1.7184906526316444,-4.2736704084674155,737,5,Abdomen,0.7540249585441272,-3.9084784086638207,68,5,5,5,Abdomen,Abdomen
S35.1,Abdomen,2.0080106302042156,-4.2736704084674155,852,5,Abdomen,1.2162802617853115,-3.9084784086638207,107,5,5,5,Abdomen,Abdomen
S35.2,Abdomen,0.5089748290624443,-4.2736704084674155,1168,3,Abdomen,0.5768265210395375,-3.9084784086638207,240,4,3,4,Abdomen,Abdomen
S35.3,Abdomen,1.2509992705940094,-4.2736704084674155,445,4,Abdomen,0.9738348200444762,-3.9084784086638207,72,5,4,5,Abdomen,Abdomen
S35.4,Abdomen,0.3542615641911695,-4.2736704084674155,698,2,Abdomen,0.15470563356508432,-3.9084784086638207,115,2,2,2,Abdomen,Abdomen
S35.5,Abdomen,1.4651617424327354,-4.2736704084674155,2057,5,Abdomen,1.281914460064611,-3.9084784086638207,294,5,5,5,Abdomen,Abdomen
S35.8,Abdomen,0.783761507914168,-4.2736704084674155,789,4,Abdomen,0.6680730880462165,-3.9084784086638207,111,4,4,4,Abdomen,Abdomen
S35.9,Abdomen,0.7918734653034837,-4.2736704084674155,304,4,Abdomen,0.0435024910567219,-3.9084784086638207,21,2,4,2,Abdomen,Abdomen
S36.0,Abdomen,0.14500165378512483,-4.2736704084674155,24174,1,Abdomen,0.12453489146974898,-3.9084784086638207,4810,2,1,2,Abdomen,Abdomen
S36.1,Abdomen,0.4023464015023039,-4.2736704084674155,24127,2,Abdomen,0.3020016370965738,-3.9084784086638207,4428,3,2,3,Abdomen,Abdomen
S36.2,Abdomen,0.30501050443540134,-4.2736704084674155,2522,2,Abdomen,0.43809528293791117,-3.9084784086638207,433,3,2,3,Abdomen,Abdomen
S36.3,Abdomen,0.4227712661216489,-4.2736704084674155,2289,2,Abdomen,0.5562480439386976,-3.9084784086638207,487,4,2,4,Abdomen,Abdomen
S36.4,Abdomen,0.375100890670257,-4.2736704084674155,8448,2,Abdomen,0.28916524140447153,-3.9084784086638207,1639,3,2,3,Abdomen,Abdomen
S36.5,Abdomen,0.2925832496035829,-4.2736704084674155,7045,2,Abdomen,0.36195464295027635,-3.9084784086638207,1347,3,2,3,Abdomen,Abdomen
S36.6,Abdomen,0.36689239989812933,-4.2736704084674155,1034,2,Abdomen,0.04688777362973171,-3.9084784086638207,399,2,2,2,Abdomen,Abdomen
S36.8,Abdomen,0.5483103107718855,-4.2736704084674155,14284,3,Abdomen,0.7161852768428858,-3.9084784086638207,3252,4,3,4,Abdomen,Abdomen
S36.9,Abdomen,0.973891880003704,-4.2736704084674155,390,4,Abdomen,-0.04152389916354939,-3.9084784086638207,79,2,4,2,Abdomen,Abdomen
S37.0,Abdomen,-0.004686599697655391,-4.2736704084674155,12522,1,Abdomen,-0.26268347078481924,-3.9084784086638207,2503,1,1,1,Abdomen,Abdomen
S37.1,Abdomen,-0.43301753928045117,-4.2736704084674155,443,1,Abdomen,0.10468485535131397,-3.9084784086638207,174,2,1,2,Abdomen,Abdomen
S37.2,Abdomen,0.17600461238383938,-4.2736704084674155,2727,1,Abdomen,-0.16152987567111127,-3.9084784086638207,788,1,1,1,Abdomen,Abdomen
S37.3,Abdomen,-0.16928674321577633,-4.2736704084674155,1020,1,Abdomen,0.5533212240668179,-3.9084784086638207,1507,4,1,4,Abdomen,Abdomen
S37.4,Abdomen,-0.509355121962209,-4.2736704084674155,65,1,Abdomen,-2.0418793454335584,-3.9084784086638207,6,1,1,1,Abdomen,Abdomen
S37.5,Abdomen,0.6242418509011773,-4.2736704084674155,14,3,Abdomen,-1.296683979451813,-3.9084784086638207,8,1,3,1,Abdomen,Abdomen
S37.6,Abdomen,-0.019984848064551378,-4.2736704084674155,212,1,Abdomen,-0.056165074932128994,-3.9084784086638207,28,2,1,2,Abdomen,Abdomen
S37.8,Abdomen,-0.3037651815809024,-4.2736704084674155,4117,1,Abdomen,-0.5268520283681322,-3.9084784086638207,569,1,1,1,Abdomen,Abdomen
S37.9,Abdomen,0.30019579447448447,-4.2736704084674155,107,2,Abdomen,0.8367211398384101,-3.9084784086638207,181,5,2,5,Abdomen,Abdomen
S38.0,Abdomen,0.7289489087117079,-4.2736704084674155,20,3,Abdomen,1.860088207323163,-3.9084784086638207,10,5,3,5,Abdomen,Abdomen
S38.1,Abdomen,1.4743862895741955,-4.2736704084674155,97,5,Abdomen,0.39564881984460804,-3.9084784086638207,122,3,5,3,Abdomen,Abdomen
S38.2,Abdomen,-0.31529345744349446,-4.2736704084674155,69,1,Abdomen,-1.1414580986651217,-3.9084784086638207,8,1,1,1,Abdomen,Abdomen
S38.3,Abdomen,2.3087167097523835,-4.2736704084674155,4,5,Abdomen,-3.044592970417034,-3.9084784086638207,3,1,5,1,Abdomen,Abdomen
S39.0,Abdomen,-0.2852363898774679,-4.2736704084674155,2348,1,Abdomen,-0.913886271426155,-3.9084784086638207,1238,1,1,1,Abdomen,Abdomen
S39.8,Abdomen,0.038090298305105526,-4.2736704084674155,1305,1,Abdomen,-0.4138377269290588,-3.9084784086638207,343,1,1,1,Abdomen,Abdomen
S39.9,Abdomen,0.14785444902033734,-4.2736704084674155,2683,1,Abdomen,-0.3234562991823503,-3.9084784086638207,573,1,1,1,Abdomen,Abdomen
S40.0,Extremities,0.2501816032080533,-4.2736704084674155,22729,2,Extremities,-0.13667955031625784,-3.9084784086638207,3712,1,2,1,Extremities,Extremities
S40.2,Extremities,-0.1710219664414703,-4.2736704084674155,24895,1,Extremities,-0.3898581893713435,-3.9084784086638207,1697,1,1,1,Extremities,Extremities
S40.8,Extremities,0.11791009853748641,-4.2736704084674155,16368,1,Extremities,-0.1940878175615193,-3.9084784086638207,2025,1,1,1,Extremities,Extremities
S40.9,Extremities,0.010799683140772967,-4.2736704084674155,221,1,Extremities,-0.3762531840057898,-3.9084784086638207,70,1,1,1,Extremities,Extremities
S41.0,Extremities,0.3104858051030962,-4.2736704084674155,6723,2,Extremities,-0.7514952146220318,-3.9084784086638207,824,1,2,1,Extremities,Extremities
S41.1,Extremities,0.25823215041705155,-4.2736704084674155,15880,2,Extremities,-0.03190726680666985,-3.9084784086638207,2452,2,2,2,Extremities,Extremities
S42.0,Extremities,-0.1431553997784298,-4.2736704084674155,30120,1,Extremities,-0.3482849185695246,-3.9084784086638207,5884,1,1,1,Extremities,Extremities
S42.1,Extremities,-0.2124687397071786,-4.2736704084674155,20962,1,Extremities,-0.19619858283316285,-3.9084784086638207,3656,1,1,1,Extremities,Extremities
S42.2,Extremities,0.11878381272956737,-4.2736704084674155,21619,1,Extremities,0.14185242803076928,-3.9084784086638207,8288,2,1,2,Extremities,Extremities
S42.3,Extremities,0.2894386224482168,-4.2736704084674155,12279,2,Extremities,0.17469802951217328,-3.9084784086638207,3049,3,2,3,Extremities,Extremities
S42.4,Extremities,-0.5581687395371372,-4.2736704084674155,21744,1,Extremities,-0.34882388017431126,-3.9084784086638207,3325,1,1,1,Extremities,Extremities
S42.9,Extremities,0.6437578970980337,-4.2736704084674155,633,3,Extremities,0.4922723139126699,-3.9084784086638207,225,3,3,3,Extremities,Extremities
S43.0,Extremities,-0.10361819052736884,-4.2736704084674155,4612,1,Extremities,-0.41530489927742337,-3.9084784086638207,1285,1,1,1,Extremities,Extremities
S43.1,Extremities,-0.8583392526577207,-4.2736704084674155,3085,1,Extremities,-1.4134385996435987,-3.9084784086638207,517,1,1,1,Extremities,Extremities
S43.2,Extremities,0.0015456912165599294,-4.2736704084674155,509,1,Extremities,-0.5295588657253404,-3.9084784086638207,74,1,1,1,Extremities,Extremities
S43.3,Extremities,-0.060238546776413916,-4.2736704084674155,1457,1,Extremities,-1.1933277542779344,-3.9084784086638207,9,1,1,1,Extremities,Extremities
S43.4,Extremities,-0.7186548375451524,-4.2736704084674155,1412,1,Extremities,-0.7957738421190365,-3.9084784086638207,408,1,1,1,Extremities,Extremities
S43.5,Extremities,-0.7939269762624279,-4.2736704084674155,610,1,Extremities,-0.5752441649734684,-3.9084784086638207,85,1,1,1,Extremities,Extremities
S43.6,Extremities,0.5804251473528312,-4.2736704084674155,54,3,Extremities,-1.368969534134767,-3.9084784086638207,6,1,3,1,Extremities,Extremities
S43.8,Extremities,-0.15700435299498214,-4.2736704084674155,133,1,Extremities,-1.23103540131002,-3.9084784086638207,15,1,1,1,Extremities,Extremities
S43.9,Extremities,-0.07118089689017415,-4.2736704084674155,22,1,NA,NA,NA,NA,NA,1,1,Extremities,Extremities
S44.0,Extremities,-1.1060866884475409,-4.2736704084674155,473,1,Extremities,-1.2078279331930133,-3.9084784086638207,101,1,1,1,Extremities,Extremities
S44.1,Extremities,-0.9092495702331659,-4.2736704084674155,403,1,Extremities,-1.1643766858130746,-3.9084784086638207,81,1,1,1,Extremities,Extremities
S44.2,Extremities,-1.607965456400645,-4.2736704084674155,616,1,Extremities,-1.3003956081563606,-3.9084784086638207,110,1,1,1,Extremities,Extremities
S44.3,Extremities,0.6742601187628888,-4.2736704084674155,40,3,Extremities,-1.333190420720393,-3.9084784086638207,22,1,3,1,Extremities,Extremities
S44.4,Extremities,-0.9122907511665302,-4.2736704084674155,29,1,Extremities,-0.33287203189472814,-3.9084784086638207,3,1,1,1,Extremities,Extremities
S44.5,Extremities,-0.8236408360023542,-4.2736704084674155,38,1,Extremities,-0.6217033351600783,-3.9084784086638207,6,1,1,1,Extremities,Extremities
S44.8,Extremities,-1.5428715565363944,-4.2736704084674155,38,1,Extremities,-0.8682746427476248,-3.9084784086638207,7,1,1,1,Extremities,Extremities
S44.9,Extremities,-1.193712706411252,-4.2736704084674155,135,1,Extremities,-1.4645533117303036,-3.9084784086638207,25,1,1,1,Extremities,Extremities
S45.0,Extremities,0.19272709692154752,-4.2736704084674155,395,1,Extremities,1.1049220642977835,-3.9084784086638207,65,5,1,5,Extremities,Extremities
S45.1,Extremities,0.44517895913703986,-4.2736704084674155,1240,3,Extremities,0.262494805463584,-3.9084784086638207,268,3,3,3,Extremities,Extremities
S45.2,Extremities,0.45809738686520596,-4.2736704084674155,428,3,Extremities,0.4209894100350842,-3.9084784086638207,68,3,3,3,Extremities,Extremities
S45.3,Extremities,-1.2061606085874474,-4.2736704084674155,194,1,Extremities,-1.3343069306245467,-3.9084784086638207,20,1,1,1,Extremities,Extremities
S45.8,Extremities,-0.13513292820966177,-4.2736704084674155,133,1,Extremities,-1.431595385430278,-3.9084784086638207,33,1,1,1,Extremities,Extremities
S45.9,Extremities,-0.2579088328862135,-4.2736704084674155,382,1,Extremities,1.9085407259894815,-3.9084784086638207,19,5,1,5,Extremities,Extremities
S46.0,Extremities,-0.6262409458664151,-4.2736704084674155,866,1,Extremities,-0.851905619015453,-3.9084784086638207,594,1,1,1,Extremities,Extremities
S46.1,Extremities,-0.751150943500372,-4.2736704084674155,147,1,Extremities,-1.1681322981266271,-3.9084784086638207,38,1,1,1,Extremities,Extremities
S46.2,Extremities,-0.3529525343505587,-4.2736704084674155,836,1,Extremities,-0.4116861413249171,-3.9084784086638207,204,1,1,1,Extremities,Extremities
S46.3,Extremities,-0.3617200172083017,-4.2736704084674155,529,1,Extremities,-1.2527288086948052,-3.9084784086638207,157,1,1,1,Extremities,Extremities
S46.8,Extremities,-0.34135671396308426,-4.2736704084674155,660,1,Extremities,0.12788940230588744,-3.9084784086638207,216,2,1,2,Extremities,Extremities
S46.9,Extremities,-0.5376091840529488,-4.2736704084674155,1184,1,Extremities,-0.8350090363013383,-3.9084784086638207,235,1,1,1,Extremities,Extremities
S47.1,Extremities,0.3901641880308226,-4.2736704084674155,48,2,Extremities,-1.5680153041222729,-3.9084784086638207,18,1,2,1,Extremities,Extremities
S47.2,Extremities,-0.27306681784360526,-4.2736704084674155,49,1,Extremities,1.24539167102737,-3.9084784086638207,15,5,1,5,Extremities,Extremities
S47.9,Extremities,2.0977358946117524,-4.2736704084674155,15,5,NA,NA,NA,NA,NA,5,5,Extremities,Extremities
S48.0,Extremities,2.2544150457358834,-4.2736704084674155,33,5,Extremities,-3.090451479037834,-3.9084784086638207,5,1,5,1,Extremities,Extremities
S48.1,Extremities,1.0256700997641715,-4.2736704084674155,120,4,Extremities,-1.2653707336810054,-3.9084784086638207,17,1,4,1,Extremities,Extremities
S48.9,Extremities,1.300488472749175,-4.2736704084674155,44,5,Extremities,-1.0074778169841117,-3.9084784086638207,7,1,5,1,Extremities,Extremities
S49.0,Extremities,-1.276318403742323,-4.2736704084674155,193,1,Extremities,-1.6339196302949974,-3.9084784086638207,48,1,1,1,Extremities,Extremities
S49.1,Extremities,-1.1889146062331426,-4.2736704084674155,253,1,Extremities,-1.5489178538608093,-3.9084784086638207,32,1,1,1,Extremities,Extremities
S49.8,Extremities,1.147768342173906,-4.2736704084674155,129,4,Extremities,-1.2231833948974078,-3.9084784086638207,57,1,4,1,Extremities,Extremities
S49.9,Extremities,0.14554408202882482,-4.2736704084674155,859,1,Extremities,-0.15356701296428502,-3.9084784086638207,363,1,1,1,Extremities,Extremities
S50.0,Extremities,0.02744056648300813,-4.2736704084674155,6970,1,Extremities,-0.45076885406170236,-3.9084784086638207,1244,1,1,1,Extremities,Extremities
S50.1,Extremities,0.5193626618420959,-4.2736704084674155,5908,3,Extremities,0.2718563071620656,-3.9084784086638207,911,3,3,3,Extremities,Extremities
S50.3,Extremities,-0.12784658854859898,-4.2736704084674155,24551,1,Extremities,-0.36767530488830963,-3.9084784086638207,3050,1,1,1,Extremities,Extremities
S50.8,Extremities,0.07625773730165473,-4.2736704084674155,17059,1,Extremities,-0.4106271989963034,-3.9084784086638207,2133,1,1,1,Extremities,Extremities
S50.9,Extremities,0.37811055406787636,-4.2736704084674155,94,2,Extremities,0.3192243148945962,-3.9084784086638207,72,3,2,3,Extremities,Extremities
S51.0,Extremities,0.196791705316584,-4.2736704084674155,13969,1,Extremities,-0.28278752826209524,-3.9084784086638207,3012,1,1,1,Extremities,Extremities
S51.8,Extremities,0.1771086991984999,-4.2736704084674155,16858,1,Extremities,-0.22221855890390874,-3.9084784086638207,4627,1,1,1,Extremities,Extremities
S52.0,Extremities,-0.15775870280650692,-4.2736704084674155,8813,1,Extremities,-0.38286745455091836,-3.9084784086638207,2136,1,1,1,Extremities,Extremities
S52.1,Extremities,-0.22143952253344656,-4.2736704084674155,6538,1,Extremities,-0.5032035318412955,-3.9084784086638207,1474,1,1,1,Extremities,Extremities
S52.2,Extremities,-0.3176628175092707,-4.2736704084674155,13363,1,Extremities,-0.1090335814837156,-3.9084784086638207,2223,1,1,1,Extremities,Extremities
S52.3,Extremities,-0.2572606224297874,-4.2736704084674155,10875,1,Extremities,-0.6819224164097266,-3.9084784086638207,1579,1,1,1,Extremities,Extremities
S52.5,Extremities,-0.37593473523546445,-4.2736704084674155,33739,1,Extremities,-0.48441762807958144,-3.9084784086638207,8225,1,1,1,Extremities,Extremities
S52.6,Extremities,-0.18344852367532508,-4.2736704084674155,19333,1,Extremities,-0.13030539037710837,-3.9084784086638207,3693,1,1,1,Extremities,Extremities
S52.9,Extremities,0.9607488675862799,-4.2736704084674155,2114,4,Extremities,0.4958974219028552,-3.9084784086638207,455,3,4,3,Extremities,Extremities
S53.0,Extremities,-0.4476622517908154,-4.2736704084674155,1891,1,Extremities,-0.15995250686515278,-3.9084784086638207,69,1,1,1,Extremities,Extremities
S53.1,Extremities,-0.3035146824431736,-4.2736704084674155,2585,1,Extremities,-0.19932792536369331,-3.9084784086638207,321,1,1,1,Extremities,Extremities
S53.2,Extremities,-0.8865422324907457,-4.2736704084674155,81,1,Extremities,-0.882036943394423,-3.9084784086638207,15,1,1,1,Extremities,Extremities
S53.3,Extremities,-0.595212646637412,-4.2736704084674155,174,1,Extremities,-0.7866119538834699,-3.9084784086638207,36,1,1,1,Extremities,Extremities
S53.4,Extremities,-0.7559391374922129,-4.2736704084674155,687,1,Extremities,-0.41288756707099966,-3.9084784086638207,161,1,1,1,Extremities,Extremities
S54.0,Extremities,-0.7266010869699829,-4.2736704084674155,1274,1,Extremities,-1.0155933555296262,-3.9084784086638207,135,1,1,1,Extremities,Extremities
S54.1,Extremities,-0.7640750715461387,-4.2736704084674155,1021,1,Extremities,-0.7957979785009348,-3.9084784086638207,122,1,1,1,Extremities,Extremities
S54.2,Extremities,-1.0246526388440385,-4.2736704084674155,974,1,Extremities,-1.1240455630568467,-3.9084784086638207,180,1,1,1,Extremities,Extremities
S54.3,Extremities,-0.7723594935912068,-4.2736704084674155,52,1,Extremities,-0.7773259817747581,-3.9084784086638207,11,1,1,1,Extremities,Extremities
S54.8,Extremities,-0.9353146900579439,-4.2736704084674155,41,1,Extremities,-0.604311038561065,-3.9084784086638207,11,1,1,1,Extremities,Extremities
S54.9,Extremities,-1.2734565620455167,-4.2736704084674155,30,1,Extremities,-1.0433407113519733,-3.9084784086638207,11,1,1,1,Extremities,Extremities
S55.0,Extremities,-0.8247711060955006,-4.2736704084674155,1115,1,Extremities,-0.8546617491634446,-3.9084784086638207,130,1,1,1,Extremities,Extremities
S55.1,Extremities,-0.5166309839641627,-4.2736704084674155,1430,1,Extremities,-0.1398785212312627,-3.9084784086638207,205,1,1,1,Extremities,Extremities
S55.2,Extremities,-0.04911668859673997,-4.2736704084674155,327,1,Extremities,0.027432496345509396,-3.9084784086638207,45,2,1,2,Extremities,Extremities
S55.8,Extremities,-0.49152390403337837,-4.2736704084674155,145,1,Extremities,-1.0937693147076308,-3.9084784086638207,20,1,1,1,Extremities,Extremities
S55.9,Extremities,-0.30180976911422785,-4.2736704084674155,57,1,Extremities,-1.1778521348166127,-3.9084784086638207,19,1,1,1,Extremities,Extremities
S56.0,Extremities,0.24128326620709928,-4.2736704084674155,71,2,Extremities,-0.6220870629479677,-3.9084784086638207,21,1,2,1,Extremities,Extremities
S56.1,Extremities,-0.8493935788916412,-4.2736704084674155,417,1,Extremities,-0.720043176127948,-3.9084784086638207,94,1,1,1,Extremities,Extremities
S56.2,Extremities,-0.6946194970887875,-4.2736704084674155,1410,1,Extremities,-0.847322516265338,-3.9084784086638207,262,1,1,1,Extremities,Extremities
S56.3,Extremities,-0.8756718491718867,-4.2736704084674155,136,1,Extremities,-0.6977382481912818,-3.9084784086638207,24,1,1,1,Extremities,Extremities
S56.4,Extremities,-0.5811284964546033,-4.2736704084674155,245,1,Extremities,-0.8683283750411047,-3.9084784086638207,78,1,1,1,Extremities,Extremities
S56.5,Extremities,-0.8358486064979961,-4.2736704084674155,886,1,Extremities,-0.19977471509884626,-3.9084784086638207,173,1,1,1,Extremities,Extremities
S56.8,Extremities,-0.40708807801958,-4.2736704084674155,531,1,Extremities,-0.9853849711824705,-3.9084784086638207,92,1,1,1,Extremities,Extremities
S56.9,Extremities,0.07154155542580067,-4.2736704084674155,778,1,Extremities,-1.1755830252723127,-3.9084784086638207,67,1,1,1,Extremities,Extremities
S57.0,Extremities,0.12191509051897577,-4.2736704084674155,32,1,Extremities,-0.7985750193413698,-3.9084784086638207,8,1,1,1,Extremities,Extremities
S57.8,Extremities,-0.09714315309916859,-4.2736704084674155,162,1,Extremities,-1.485580557974108,-3.9084784086638207,60,1,1,1,Extremities,Extremities
S58.0,Extremities,1.177595729064334,-4.2736704084674155,50,4,Extremities,-1.2991165495695676,-3.9084784086638207,14,1,4,1,Extremities,Extremities
S58.1,Extremities,1.0512804216053553,-4.2736704084674155,143,4,Extremities,-1.3654356978711213,-3.9084784086638207,24,1,4,1,Extremities,Extremities
S58.9,Extremities,0.9935179630480953,-4.2736704084674155,14,4,Extremities,1.4302280021860938,-3.9084784086638207,6,5,4,5,Extremities,Extremities
S59.0,Extremities,-0.8955759617557343,-4.2736704084674155,348,1,Extremities,0.14699462554297102,-3.9084784086638207,73,2,1,2,Extremities,Extremities
S59.1,Extremities,-1.9203615439888142,-4.2736704084674155,75,1,Extremities,-1.1130762971490409,-3.9084784086638207,7,1,1,1,Extremities,Extremities
S59.2,Extremities,-0.7303331954536648,-4.2736704084674155,1244,1,Extremities,-0.37143333485238167,-3.9084784086638207,184,1,1,1,Extremities,Extremities
S59.8,Extremities,-0.4059557109209053,-4.2736704084674155,795,1,Extremities,-1.2949757761281093,-3.9084784086638207,29,1,1,1,Extremities,Extremities
S59.9,Extremities,1.1965030475182081,-4.2736704084674155,157,4,Extremities,-1.3594223575562463,-3.9084784086638207,136,1,4,1,Extremities,Extremities
S60.0,Extremities,0.06482687579162098,-4.2736704084674155,1578,1,Extremities,-0.7727097221272745,-3.9084784086638207,196,1,1,1,Extremities,Extremities
S60.1,Extremities,0.7611962946799519,-4.2736704084674155,121,4,Extremities,0.8588127127852192,-3.9084784086638207,17,5,4,5,Extremities,Extremities
S60.2,Extremities,0.1838669337829432,-4.2736704084674155,9279,1,Extremities,-0.5909284738749794,-3.9084784086638207,1525,1,1,1,Extremities,Extremities
S60.3,Extremities,0.0830233573521736,-4.2736704084674155,1040,1,Extremities,-1.3154338778815369,-3.9084784086638207,136,1,1,1,Extremities,Extremities
S60.4,Extremities,0.12872486349514148,-4.2736704084674155,3436,1,Extremities,-0.761643213188631,-3.9084784086638207,502,1,1,1,Extremities,Extremities
S60.5,Extremities,-0.060543689486422324,-4.2736704084674155,23009,1,Extremities,-0.6263823905934126,-3.9084784086638207,2280,1,1,1,Extremities,Extremities
S60.8,Extremities,0.007923916645739663,-4.2736704084674155,5687,1,Extremities,-0.6250496532286384,-3.9084784086638207,791,1,1,1,Extremities,Extremities
S60.9,Extremities,-0.2273650592264264,-4.2736704084674155,139,1,Extremities,-0.35974951406063527,-3.9084784086638207,87,1,1,1,Extremities,Extremities
S61.0,Extremities,-0.06596513543606809,-4.2736704084674155,3200,1,Extremities,-0.8992011454482292,-3.9084784086638207,768,1,1,1,Extremities,Extremities
S61.1,Extremities,-0.9852401804543295,-4.2736704084674155,451,1,Extremities,-1.1280586792814042,-3.9084784086638207,47,1,1,1,Extremities,Extremities
S61.2,Extremities,-0.2083534605147333,-4.2736704084674155,9895,1,Extremities,-0.532226516287169,-3.9084784086638207,2500,1,1,1,Extremities,Extremities
S61.3,Extremities,-0.37280250977756435,-4.2736704084674155,1581,1,Extremities,-0.9756579009784594,-3.9084784086638207,184,1,1,1,Extremities,Extremities
S61.4,Extremities,0.03661652438608839,-4.2736704084674155,16681,1,Extremities,-0.2900000107587637,-3.9084784086638207,4050,1,1,1,Extremities,Extremities
S61.5,Extremities,0.18302074690711032,-4.2736704084674155,6124,1,Extremities,-0.43487138373041595,-3.9084784086638207,2613,1,1,1,Extremities,Extremities
S61.S,Extremities,-0.6641179938317852,-4.2736704084674155,1,1,NA,NA,NA,NA,NA,1,1,Extremities,Extremities
S62.0,Extremities,-0.7106696235913108,-4.2736704084674155,3103,1,Extremities,-0.40340037353229985,-3.9084784086638207,552,1,1,1,Extremities,Extremities
S62.1,Extremities,-0.43147085860538914,-4.2736704084674155,4466,1,Extremities,0.03728456792007482,-3.9084784086638207,983,2,1,2,Extremities,Extremities
S62.2,Extremities,-0.5438653423477754,-4.2736704084674155,2779,1,Extremities,-0.7507092387917316,-3.9084784086638207,496,1,1,1,Extremities,Extremities
S62.3,Extremities,-0.36433648621647235,-4.2736704084674155,12307,1,Extremities,-0.530151045618075,-3.9084784086638207,2544,1,1,1,Extremities,Extremities
S62.5,Extremities,-0.4226534739810858,-4.2736704084674155,4141,1,Extremities,-0.7479022871950436,-3.9084784086638207,770,1,1,1,Extremities,Extremities
S62.6,Extremities,-0.48044571493949706,-4.2736704084674155,14662,1,Extremities,-0.6043416752468673,-3.9084784086638207,2578,1,1,1,Extremities,Extremities
S62.9,Extremities,1.2097780441176869,-4.2736704084674155,682,4,Extremities,0.20189550109162926,-3.9084784086638207,146,3,4,3,Extremities,Extremities
S63.0,Extremities,-0.19924939786632315,-4.2736704084674155,3587,1,Extremities,-1.3808893651043372,-3.9084784086638207,342,1,1,1,Extremities,Extremities
S63.1,Extremities,-1.155823687499718,-4.2736704084674155,878,1,Extremities,-1.3106874003133362,-3.9084784086638207,96,1,1,1,Extremities,Extremities
S63.2,Extremities,-0.32998731946515125,-4.2736704084674155,2482,1,Extremities,-0.7120549468558208,-3.9084784086638207,394,1,1,1,Extremities,Extremities
S63.3,Extremities,-1.2479307337677865,-4.2736704084674155,173,1,Extremities,-1.0888204232697278,-3.9084784086638207,32,1,1,1,Extremities,Extremities
S63.4,Extremities,0.38425544421852126,-4.2736704084674155,151,2,Extremities,-0.7829694710515284,-3.9084784086638207,17,1,2,1,Extremities,Extremities
S63.5,Extremities,-0.902580861132663,-4.2736704084674155,1287,1,Extremities,-0.45026849426702115,-3.9084784086638207,438,1,1,1,Extremities,Extremities
S63.6,Extremities,-0.7130314463779027,-4.2736704084674155,738,1,Extremities,-1.0800607025050162,-3.9084784086638207,211,1,1,1,Extremities,Extremities
S63.8,Extremities,-0.36949370062168413,-4.2736704084674155,223,1,Extremities,-1.0732557529643598,-3.9084784086638207,44,1,1,1,Extremities,Extremities
S63.9,Extremities,-1.1074813867096887,-4.2736704084674155,143,1,Extremities,-0.3624145219903535,-3.9084784086638207,71,1,1,1,Extremities,Extremities
S64.0,Extremities,-0.45574196382836724,-4.2736704084674155,1094,1,Extremities,-0.6260971855300458,-3.9084784086638207,245,1,1,1,Extremities,Extremities
S64.1,Extremities,-0.8045807286339424,-4.2736704084674155,739,1,Extremities,-0.8328428320716118,-3.9084784086638207,223,1,1,1,Extremities,Extremities
S64.2,Extremities,-0.38143889874830156,-4.2736704084674155,685,1,Extremities,-1.1755241175415407,-3.9084784086638207,159,1,1,1,Extremities,Extremities
S64.3,Extremities,-0.6668367756449314,-4.2736704084674155,364,1,Extremities,-0.6052843998846598,-3.9084784086638207,72,1,1,1,Extremities,Extremities
S64.4,Extremities,-0.7396910362994865,-4.2736704084674155,1651,1,Extremities,-0.6494352116822232,-3.9084784086638207,271,1,1,1,Extremities,Extremities
S64.8,Extremities,-0.7214252922144642,-4.2736704084674155,65,1,Extremities,-0.7352046639526932,-3.9084784086638207,9,1,1,1,Extremities,Extremities
S64.9,Extremities,-1.0373608297484316,-4.2736704084674155,38,1,Extremities,-1.206569711909443,-3.9084784086638207,12,1,1,1,Extremities,Extremities
S65.0,Extremities,-0.6699015897716207,-4.2736704084674155,856,1,Extremities,-0.7200076520260822,-3.9084784086638207,177,1,1,1,Extremities,Extremities
S65.1,Extremities,-0.7075810440243601,-4.2736704084674155,815,1,Extremities,0.6455798172144547,-3.9084784086638207,171,4,1,4,Extremities,Extremities
S65.2,Extremities,-0.9394644879156326,-4.2736704084674155,69,1,Extremities,-0.7200598110825474,-3.9084784086638207,3,1,1,1,Extremities,Extremities
S65.3,Extremities,-0.7896808920227529,-4.2736704084674155,33,1,Extremities,-0.4837650078623502,-3.9084784086638207,4,1,1,1,Extremities,Extremities
S65.4,Extremities,-0.657473105876503,-4.2736704084674155,101,1,Extremities,-0.5605319303918118,-3.9084784086638207,30,1,1,1,Extremities,Extremities
S65.5,Extremities,-0.4074586900842807,-4.2736704084674155,437,1,Extremities,-0.50696336545747,-3.9084784086638207,100,1,1,1,Extremities,Extremities
S65.8,Extremities,-0.3681654119682096,-4.2736704084674155,179,1,Extremities,-0.7641818428645943,-3.9084784086638207,13,1,1,1,Extremities,Extremities
S65.9,Extremities,-1.0116826117164153,-4.2736704084674155,70,1,Extremities,-0.589362289656268,-3.9084784086638207,5,1,1,1,Extremities,Extremities
S66.0,Extremities,-0.7849888610463653,-4.2736704084674155,510,1,Extremities,-0.5027186932692658,-3.9084784086638207,77,1,1,1,Extremities,Extremities
S66.1,Extremities,-0.6804068310887029,-4.2736704084674155,2215,1,Extremities,-0.7511063771920339,-3.9084784086638207,389,1,1,1,Extremities,Extremities
S66.2,Extremities,-1.0251273299975243,-4.2736704084674155,597,1,Extremities,-0.7311093382627075,-3.9084784086638207,128,1,1,1,Extremities,Extremities
S66.3,Extremities,-0.74508469130148,-4.2736704084674155,2479,1,Extremities,-0.8979527150240042,-3.9084784086638207,515,1,1,1,Extremities,Extremities
S66.4,Extremities,-0.858803110223196,-4.2736704084674155,101,1,Extremities,-0.5036725093152805,-3.9084784086638207,9,1,1,1,Extremities,Extremities
S66.5,Extremities,0.021538923747074015,-4.2736704084674155,190,1,Extremities,-0.8293012241703098,-3.9084784086638207,11,1,1,1,Extremities,Extremities
S66.8,Extremities,-0.4040550616360897,-4.2736704084674155,1016,1,Extremities,-0.49904511372243565,-3.9084784086638207,295,1,1,1,Extremities,Extremities
S66.9,Extremities,-0.4165847109135096,-4.2736704084674155,1674,1,Extremities,-1.0592997623088458,-3.9084784086638207,112,1,1,1,Extremities,Extremities
S67.0,Extremities,-0.8416335833278497,-4.2736704084674155,120,1,Extremities,-0.7985579704848941,-3.9084784086638207,59,1,1,1,Extremities,Extremities
S67.1,Extremities,-0.8920348596906494,-4.2736704084674155,503,1,Extremities,-0.9119260839186506,-3.9084784086638207,213,1,1,1,Extremities,Extremities
S67.2,Extremities,-0.6337385789724741,-4.2736704084674155,409,1,Extremities,0.179753492761658,-3.9084784086638207,183,3,1,3,Extremities,Extremities
S67.3,Extremities,-0.9596522399558487,-4.2736704084674155,23,1,Extremities,-0.8857459803310592,-3.9084784086638207,9,1,1,1,Extremities,Extremities
S67.4,Extremities,-0.7275151722394696,-4.2736704084674155,57,1,Extremities,-0.8558786015013813,-3.9084784086638207,22,1,1,1,Extremities,Extremities
S67.9,Extremities,-0.7835368242236818,-4.2736704084674155,4,1,Extremities,-1.0861652554125591,-3.9084784086638207,2,1,1,1,Extremities,Extremities
S68.0,Extremities,-0.9137992573680165,-4.2736704084674155,946,1,Extremities,-0.9649559125489652,-3.9084784086638207,139,1,1,1,Extremities,Extremities
S68.1,Extremities,-0.5607557421549546,-4.2736704084674155,3005,1,Extremities,-0.7692491136237075,-3.9084784086638207,410,1,1,1,Extremities,Extremities
S68.4,Extremities,0.7290343885104267,-4.2736704084674155,172,3,Extremities,-1.067997050009802,-3.9084784086638207,18,1,3,1,Extremities,Extremities
S68.5,Extremities,-0.6549196590443626,-4.2736704084674155,688,1,Extremities,-1.0384204178045917,-3.9084784086638207,72,1,1,1,Extremities,Extremities
S68.6,Extremities,-0.7326650412944995,-4.2736704084674155,2321,1,Extremities,-0.5522639954833992,-3.9084784086638207,237,1,1,1,Extremities,Extremities
S68.7,Extremities,0.8479362021501087,-4.2736704084674155,56,4,Extremities,-1.0653704435097657,-3.9084784086638207,14,1,4,1,Extremities,Extremities
S69.8,Extremities,0.6545475027754163,-4.2736704084674155,275,3,Extremities,-0.3420206917959346,-3.9084784086638207,100,1,3,1,Extremities,Extremities
S69.9,Extremities,0.2969028952014971,-4.2736704084674155,409,2,Extremities,-0.8751212225962739,-3.9084784086638207,339,1,2,1,Extremities,Extremities
S70.0,Extremities,0.012672272673663332,-4.2736704084674155,13695,1,Extremities,-0.05109273931645277,-3.9084784086638207,3185,2,1,2,Extremities,Extremities
S70.1,Extremities,0.2199510080471641,-4.2736704084674155,9915,1,Extremities,-0.4061200591696172,-3.9084784086638207,2440,1,1,1,Extremities,Extremities
S70.2,Extremities,-0.04064039760001685,-4.2736704084674155,14373,1,Extremities,0.11213104042518626,-3.9084784086638207,702,2,1,2,Extremities,Extremities
S70.3,Extremities,-0.018037171070617967,-4.2736704084674155,8303,1,Extremities,-0.6920903385792719,-3.9084784086638207,773,1,1,1,Extremities,Extremities
S70.9,Extremities,0.6648933551568945,-4.2736704084674155,73,3,Extremities,-1.7710402999011614,-3.9084784086638207,27,1,3,1,Extremities,Extremities
S71.0,Extremities,0.4105220278252802,-4.2736704084674155,4152,2,Extremities,0.3253753623764498,-3.9084784086638207,304,3,2,3,Extremities,Extremities
S71.1,Extremities,0.17047680691966668,-4.2736704084674155,13293,1,Extremities,-0.17345088596190514,-3.9084784086638207,2007,1,1,1,Extremities,Extremities
S72.0,Extremities,0.32644671764050215,-4.2736704084674155,43451,2,Extremities,0.06616700998989618,-3.9084784086638207,26923,2,2,2,Extremities,Extremities
S72.1,Extremities,0.43346090907376794,-4.2736704084674155,42297,3,Extremities,0.1729412429956997,-3.9084784086638207,26465,3,3,3,Extremities,Extremities
S72.2,Extremities,-0.07111096593488112,-4.2736704084674155,6019,1,Extremities,0.1684478249799025,-3.9084784086638207,3717,3,1,3,Extremities,Extremities
S72.3,Extremities,-0.03342186713917794,-4.2736704084674155,25941,1,Extremities,0.010193339362144133,-3.9084784086638207,5752,2,1,2,Extremities,Extremities
S72.4,Extremities,0.25205182911864743,-4.2736704084674155,17235,2,Extremities,0.22818085093565282,-3.9084784086638207,5094,3,2,3,Extremities,Extremities
S72.8,Extremities,0.623492019387074,-4.2736704084674155,658,3,Extremities,-0.31867582761642904,-3.9084784086638207,171,1,3,1,Extremities,Extremities
S72.9,Extremities,1.6228250206351509,-4.2736704084674155,2424,5,Extremities,1.026002215554908,-3.9084784086638207,614,5,5,5,Extremities,Extremities
S73.0,Extremities,-0.29463057582947244,-4.2736704084674155,6453,1,Extremities,-0.21529970991965902,-3.9084784086638207,742,1,1,1,Extremities,Extremities
S73.1,Extremities,-0.6268116086976581,-4.2736704084674155,497,1,Extremities,-1.2522589610255512,-3.9084784086638207,185,1,1,1,Extremities,Extremities
S74.0,Extremities,-1.2673330536307768,-4.2736704084674155,397,1,Extremities,-0.6626041040605691,-3.9084784086638207,108,1,1,1,Extremities,Extremities
S74.1,Extremities,-0.23546755645610531,-4.2736704084674155,79,1,Extremities,-1.7501088107184517,-3.9084784086638207,35,1,1,1,Extremities,Extremities
S74.2,Extremities,-1.3554124693605836,-4.2736704084674155,5,1,Extremities,-0.8332550300601733,-3.9084784086638207,3,1,1,1,Extremities,Extremities
S74.8,Extremities,-1.3907634453892264,-4.2736704084674155,27,1,Extremities,-1.6450196414670923,-3.9084784086638207,2,1,1,1,Extremities,Extremities
S74.9,Extremities,-1.776421442921743,-4.2736704084674155,13,1,Extremities,-3.2620270484640472,-3.9084784086638207,6,1,1,1,Extremities,Extremities
S75.0,Extremities,0.7768938429100617,-4.2736704084674155,1627,4,Extremities,0.8275768793332081,-3.9084784086638207,304,5,4,5,Extremities,Extremities
S75.1,Extremities,0.7252993186465719,-4.2736704084674155,669,3,Extremities,0.9064817856275966,-3.9084784086638207,107,5,3,5,Extremities,Extremities
S75.2,Extremities,0.1636938870749589,-4.2736704084674155,66,1,Extremities,2.9431302352036863,-3.9084784086638207,8,5,1,5,Extremities,Extremities
S75.8,Extremities,0.63854656018818,-4.2736704084674155,121,3,Extremities,-1.882274618045441,-3.9084784086638207,13,1,3,1,Extremities,Extremities
S75.9,Extremities,1.037584988223454,-4.2736704084674155,43,4,Extremities,-1.1876883972055161,-3.9084784086638207,11,1,4,1,Extremities,Extremities
S76.0,Extremities,-0.017539562486798613,-4.2736704084674155,2335,1,Extremities,-1.2634521892533492,-3.9084784086638207,328,1,1,1,Extremities,Extremities
S76.1,Extremities,-0.49813776757399064,-4.2736704084674155,2343,1,Extremities,-0.6560182904941084,-3.9084784086638207,941,1,1,1,Extremities,Extremities
S76.2,Extremities,0.07804396936756006,-4.2736704084674155,205,1,Extremities,-0.21757705568948843,-3.9084784086638207,67,1,1,1,Extremities,Extremities
S76.3,Extremities,-1.7857851587135183,-4.2736704084674155,318,1,Extremities,-1.183399771219164,-3.9084784086638207,80,1,1,1,Extremities,Extremities
S76.8,Extremities,0.06593317377123867,-4.2736704084674155,813,1,Extremities,-1.3541304957198483,-3.9084784086638207,158,1,1,1,Extremities,Extremities
S76.9,Extremities,0.12595087043242084,-4.2736704084674155,402,1,Extremities,-1.1847990762991434,-3.9084784086638207,87,1,1,1,Extremities,Extremities
S77.0,Extremities,1.4186062947549893,-4.2736704084674155,13,5,NA,NA,NA,NA,NA,5,5,Extremities,Extremities
S77.1,Extremities,0.9438413317159721,-4.2736704084674155,101,4,Extremities,-0.18324567841274086,-3.9084784086638207,61,1,4,1,Extremities,Extremities
S77.2,Extremities,0.9995420570028909,-4.2736704084674155,62,4,Extremities,-1.3207356902050613,-3.9084784086638207,2,1,4,1,Extremities,Extremities
S78.0,Extremities,2.352239062466442,-4.2736704084674155,9,5,Extremities,-1.401395329746508,-3.9084784086638207,1,1,5,1,Extremities,Extremities
S78.1,Extremities,0.5721376859167446,-4.2736704084674155,135,3,Extremities,-0.9676956146365251,-3.9084784086638207,9,1,3,1,Extremities,Extremities
S78.9,Extremities,3.311285726614019,-4.2736704084674155,9,5,NA,NA,NA,NA,NA,5,5,Extremities,Extremities
S79.0,Extremities,-1.0140690442317999,-4.2736704084674155,139,1,Extremities,-1.3749211755251551,-3.9084784086638207,92,1,1,1,Extremities,Extremities
S79.1,Extremities,-0.8462606591899912,-4.2736704084674155,604,1,Extremities,-0.05910373349373223,-3.9084784086638207,169,2,1,2,Extremities,Extremities
S79.8,Extremities,0.6342129260677433,-4.2736704084674155,129,3,Extremities,-1.2866624077633635,-3.9084784086638207,35,1,3,1,Extremities,Extremities
S79.9,Extremities,0.2755770256986888,-4.2736704084674155,894,2,Extremities,-0.8132951628185424,-3.9084784086638207,208,1,2,1,Extremities,Extremities
S80.0,Extremities,0.06925410549027439,-4.2736704084674155,15208,1,Extremities,-0.4512922418608382,-3.9084784086638207,3982,1,1,1,Extremities,Extremities
S80.1,Extremities,0.22430779607871784,-4.2736704084674155,13684,1,Extremities,-0.008394128684508206,-3.9084784086638207,2773,2,1,2,Extremities,Extremities
S80.2,Extremities,-0.07556496568345902,-4.2736704084674155,48198,1,Extremities,-0.35787265157051995,-3.9084784086638207,5014,1,1,1,Extremities,Extremities
S80.8,Extremities,-0.002457589913622748,-4.2736704084674155,25892,1,Extremities,-0.21701510749911557,-3.9084784086638207,3312,1,1,1,Extremities,Extremities
S80.9,Extremities,0.4976535969481125,-4.2736704084674155,188,3,Extremities,-0.4183025626130339,-3.9084784086638207,186,1,3,1,Extremities,Extremities
S81.0,Extremities,0.022053952368336485,-4.2736704084674155,13930,1,Extremities,-0.41148370944073026,-3.9084784086638207,2529,1,1,1,Extremities,Extremities
S81.8,Extremities,0.14112108670640233,-4.2736704084674155,16840,1,Extremities,-0.043832648629308475,-3.9084784086638207,4905,2,1,2,Extremities,Extremities
S82.0,Extremities,-0.1494394502945636,-4.2736704084674155,9537,1,Extremities,-0.4771519239680993,-3.9084784086638207,2887,1,1,1,Extremities,Extremities
S82.1,Extremities,-0.16211377252861311,-4.2736704084674155,25292,1,Extremities,-0.17022967996699848,-3.9084784086638207,6665,1,1,1,Extremities,Extremities
S82.2,Extremities,0.047940516644808,-4.2736704084674155,25527,1,Extremities,-0.10129465125669812,-3.9084784086638207,5440,1,1,1,Extremities,Extremities
S82.3,Extremities,0.03226703572794139,-4.2736704084674155,11776,1,Extremities,-0.2993596310584928,-3.9084784086638207,2415,1,1,1,Extremities,Extremities
S82.4,Extremities,-0.12027932764549566,-4.2736704084674155,36188,1,Extremities,-0.0841008873575361,-3.9084784086638207,6182,1,1,1,Extremities,Extremities
S82.5,Extremities,-0.3525357324591738,-4.2736704084674155,10166,1,Extremities,-0.3498316799562756,-3.9084784086638207,1820,1,1,1,Extremities,Extremities
S82.6,Extremities,-0.37179108465514105,-4.2736704084674155,8198,1,Extremities,-0.729564879871825,-3.9084784086638207,2199,1,1,1,Extremities,Extremities
S82.8,Extremities,-0.18732682729010966,-4.2736704084674155,37003,1,Extremities,-0.5201672613429875,-3.9084784086638207,13856,1,1,1,Extremities,Extremities
S82.9,Extremities,2.514342261109614,-4.2736704084674155,564,5,Extremities,1.1033494381091227,-3.9084784086638207,31,5,5,5,Extremities,Extremities
S83.0,Extremities,-0.18143983526026042,-4.2736704084674155,650,1,Extremities,-0.37557384480249334,-3.9084784086638207,166,1,1,1,Extremities,Extremities
S83.1,Extremities,-0.09738963796615334,-4.2736704084674155,1753,1,Extremities,-0.20861971447572372,-3.9084784086638207,300,1,1,1,Extremities,Extremities
S83.2,Extremities,-1.0582806539396417,-4.2736704084674155,2687,1,Extremities,-0.9278160375082584,-3.9084784086638207,1017,1,1,1,Extremities,Extremities
S83.3,Extremities,-0.5176334371862464,-4.2736704084674155,112,1,Extremities,-1.0002486634830474,-3.9084784086638207,23,1,1,1,Extremities,Extremities
S83.4,Extremities,-0.5435455147499246,-4.2736704084674155,2365,1,Extremities,-0.9834780755777818,-3.9084784086638207,432,1,1,1,Extremities,Extremities
S83.5,Extremities,-0.6919938244126874,-4.2736704084674155,2310,1,Extremities,-0.6964826500058181,-3.9084784086638207,419,1,1,1,Extremities,Extremities
S83.6,Extremities,-1.8727002855160366,-4.2736704084674155,50,1,Extremities,-1.1622336158442685,-3.9084784086638207,1,1,1,1,Extremities,Extremities
S83.8,Extremities,-0.5361353609294603,-4.2736704084674155,596,1,Extremities,0.005084875841204788,-3.9084784086638207,127,2,1,2,Extremities,Extremities
S83.9,Extremities,-0.6139537326066774,-4.2736704084674155,1126,1,Extremities,-0.7990072366148923,-3.9084784086638207,467,1,1,1,Extremities,Extremities
S84.0,Extremities,-0.22668129744715107,-4.2736704084674155,200,1,Extremities,-0.9652126264992149,-3.9084784086638207,49,1,1,1,Extremities,Extremities
S84.1,Extremities,-0.8606151895671413,-4.2736704084674155,536,1,Extremities,-0.07671021908759308,-3.9084784086638207,125,2,1,2,Extremities,Extremities
S84.2,Extremities,-0.7873654503785035,-4.2736704084674155,3,1,Extremities,-0.8914384844364731,-3.9084784086638207,3,1,1,1,Extremities,Extremities
S84.8,Extremities,0.24774995226952928,-4.2736704084674155,33,2,Extremities,-1.0789558803264063,-3.9084784086638207,19,1,2,1,Extremities,Extremities
S84.9,Extremities,-2.1011859801735735,-4.2736704084674155,51,1,Extremities,-1.310259994683833,-3.9084784086638207,21,1,1,1,Extremities,Extremities
S85.0,Extremities,0.13451659280624712,-4.2736704084674155,1131,1,Extremities,0.3443251742573528,-3.9084784086638207,185,3,1,3,Extremities,Extremities
S85.1,Extremities,0.4493086969625592,-4.2736704084674155,1149,3,Extremities,-0.48275142473233146,-3.9084784086638207,191,1,3,1,Extremities,Extremities
S85.2,Extremities,-0.4672763699488425,-4.2736704084674155,270,1,Extremities,1.217263289632724,-3.9084784086638207,51,5,1,5,Extremities,Extremities
S85.3,Extremities,-0.6090709511519374,-4.2736704084674155,90,1,Extremities,0.07511445222780103,-3.9084784086638207,30,2,1,2,Extremities,Extremities
S85.4,Extremities,-0.8505793205112971,-4.2736704084674155,92,1,Extremities,-1.2132468171176343,-3.9084784086638207,13,1,1,1,Extremities,Extremities
S85.5,Extremities,-0.10717180036955798,-4.2736704084674155,287,1,Extremities,-1.5689406551085696,-3.9084784086638207,54,1,1,1,Extremities,Extremities
S85.8,Extremities,-0.04717171981451539,-4.2736704084674155,181,1,Extremities,0.706819306278126,-3.9084784086638207,45,4,1,4,Extremities,Extremities
S85.9,Extremities,0.713266994412443,-4.2736704084674155,307,3,Extremities,0.8418976015186838,-3.9084784086638207,20,5,3,5,Extremities,Extremities
S86.0,Extremities,-0.15678846238342134,-4.2736704084674155,458,1,Extremities,-0.1252190345180688,-3.9084784086638207,213,1,1,1,Extremities,Extremities
S86.1,Extremities,-0.4419216220766337,-4.2736704084674155,734,1,Extremities,-1.1509386965548645,-3.9084784086638207,105,1,1,1,Extremities,Extremities
S86.2,Extremities,-0.2977790079201955,-4.2736704084674155,506,1,Extremities,-1.0631968338065885,-3.9084784086638207,62,1,1,1,Extremities,Extremities
S86.3,Extremities,0.15293867644624085,-4.2736704084674155,218,1,Extremities,-1.016745747336531,-3.9084784086638207,47,1,1,1,Extremities,Extremities
S86.8,Extremities,-0.700571441932611,-4.2736704084674155,1096,1,Extremities,-1.2001986428991636,-3.9084784086638207,237,1,1,1,Extremities,Extremities
S86.9,Extremities,-0.06564493540507065,-4.2736704084674155,1228,1,Extremities,-1.2361172665556992,-3.9084784086638207,81,1,1,1,Extremities,Extremities
S87.0,Extremities,0.34449643340777664,-4.2736704084674155,46,2,Extremities,-1.2081237922568047,-3.9084784086638207,19,1,2,1,Extremities,Extremities
S87.8,Extremities,0.4608151480656881,-4.2736704084674155,353,3,Extremities,-0.19168832703065522,-3.9084784086638207,230,1,3,1,Extremities,Extremities
S88.0,Extremities,0.9160347712349898,-4.2736704084674155,104,4,Extremities,1.916960702348141,-3.9084784086638207,17,5,4,5,Extremities,Extremities
S88.1,Extremities,0.9783697435289999,-4.2736704084674155,394,4,Extremities,1.0635270048239078,-3.9084784086638207,64,5,4,5,Extremities,Extremities
S88.9,Extremities,1.1988920625603654,-4.2736704084674155,47,4,Extremities,2.938060277139486,-3.9084784086638207,9,5,4,5,Extremities,Extremities
S89.0,Extremities,-0.8115535114647866,-4.2736704084674155,506,1,Extremities,-0.3043707287566408,-3.9084784086638207,139,1,1,1,Extremities,Extremities
S89.1,Extremities,-1.073157024381825,-4.2736704084674155,1072,1,Extremities,-0.5300589386501222,-3.9084784086638207,231,1,1,1,Extremities,Extremities
S89.2,Extremities,0.5980480829418593,-4.2736704084674155,486,3,Extremities,0.01853789034077406,-3.9084784086638207,103,2,3,2,Extremities,Extremities
S89.3,Extremities,0.036342725811865706,-4.2736704084674155,453,1,Extremities,-1.087310946914008,-3.9084784086638207,118,1,1,1,Extremities,Extremities
S89.8,Extremities,-0.27147440390684957,-4.2736704084674155,1575,1,Extremities,-0.29637010141049774,-3.9084784086638207,137,1,1,1,Extremities,Extremities
S89.9,Extremities,0.07980681036746733,-4.2736704084674155,1023,1,Extremities,0.015218233099460514,-3.9084784086638207,427,2,1,2,Extremities,Extremities
S90.0,Extremities,-0.12739917343390755,-4.2736704084674155,4314,1,Extremities,-0.7336234448811679,-3.9084784086638207,435,1,1,1,Extremities,Extremities
S90.1,Extremities,-0.011248991568042764,-4.2736704084674155,559,1,Extremities,-0.038736612879636804,-3.9084784086638207,228,2,1,2,Extremities,Extremities
S90.2,Extremities,-1.3528019293484326,-4.2736704084674155,51,1,Extremities,-1.374731242176257,-3.9084784086638207,57,1,1,1,Extremities,Extremities
S90.3,Extremities,0.22886443948963203,-4.2736704084674155,2716,1,Extremities,-0.22107016082444883,-3.9084784086638207,672,1,1,1,Extremities,Extremities
S90.4,Extremities,0.08131274895614198,-4.2736704084674155,1333,1,Extremities,-0.4811953254447944,-3.9084784086638207,479,1,1,1,Extremities,Extremities
S90.5,Extremities,0.005794640811293014,-4.2736704084674155,5977,1,Extremities,-0.5092420096203685,-3.9084784086638207,609,1,1,1,Extremities,Extremities
S90.8,Extremities,-0.02500054802535323,-4.2736704084674155,4738,1,Extremities,-0.23709761853128497,-3.9084784086638207,1244,1,1,1,Extremities,Extremities
S90.9,Extremities,0.6686362132478902,-4.2736704084674155,63,3,Extremities,-1.272582253047217,-3.9084784086638207,122,1,3,1,Extremities,Extremities
S91.0,Extremities,0.032356113652482074,-4.2736704084674155,3361,1,Extremities,-0.2851660081095511,-3.9084784086638207,913,1,1,1,Extremities,Extremities
S91.1,Extremities,-0.15182588457618054,-4.2736704084674155,1480,1,Extremities,-0.6357146493135273,-3.9084784086638207,802,1,1,1,Extremities,Extremities
S91.2,Extremities,0.08982128134875253,-4.2736704084674155,423,1,Extremities,-0.030911583523892346,-3.9084784086638207,243,2,1,2,Extremities,Extremities
S91.3,Extremities,0.11280102986807734,-4.2736704084674155,4711,1,Extremities,-0.5668006161590571,-3.9084784086638207,2202,1,1,1,Extremities,Extremities
S92.0,Extremities,-0.3857141549123345,-4.2736704084674155,9299,1,Extremities,-0.34611696324653474,-3.9084784086638207,1856,1,1,1,Extremities,Extremities
S92.1,Extremities,-0.29923351656472097,-4.2736704084674155,7781,1,Extremities,-0.6536180613203635,-3.9084784086638207,1271,1,1,1,Extremities,Extremities
S92.2,Extremities,-0.40913058839096184,-4.2736704084674155,5676,1,Extremities,-0.3707630426191647,-3.9084784086638207,1038,1,1,1,Extremities,Extremities
S92.3,Extremities,-0.44283274008048396,-4.2736704084674155,12552,1,Extremities,-0.38693487514468516,-3.9084784086638207,3344,1,1,1,Extremities,Extremities
S92.4,Extremities,-0.3918705293097273,-4.2736704084674155,4003,1,Extremities,-0.3744264314792723,-3.9084784086638207,1041,1,1,1,Extremities,Extremities
S92.5,Extremities,-0.5175231340580898,-4.2736704084674155,3164,1,Extremities,-0.10636701117487618,-3.9084784086638207,801,1,1,1,Extremities,Extremities
S92.8,Extremities,-0.13886996052348807,-4.2736704084674155,264,1,Extremities,-1.1609580879406247,-3.9084784086638207,17,1,1,1,Extremities,Extremities
S92.9,Extremities,0.1638441161148707,-4.2736704084674155,1009,1,Extremities,-0.5925085697950044,-3.9084784086638207,576,1,1,1,Extremities,Extremities
S93.0,Extremities,-0.2199784628432228,-4.2736704084674155,7603,1,Extremities,0.12514292941571128,-3.9084784086638207,552,2,1,2,Extremities,Extremities
S93.1,Extremities,-0.6175015253374174,-4.2736704084674155,1382,1,Extremities,-0.7197830455370476,-3.9084784086638207,250,1,1,1,Extremities,Extremities
S93.3,Extremities,-0.27520324305099436,-4.2736704084674155,3587,1,Extremities,-0.603382187096209,-3.9084784086638207,249,1,1,1,Extremities,Extremities
S93.4,Extremities,-1.0026540436991882,-4.2736704084674155,5252,1,Extremities,-0.938350438246121,-3.9084784086638207,2529,1,1,1,Extremities,Extremities
S93.5,Extremities,-1.4290954279109298,-4.2736704084674155,71,1,Extremities,-1.1113812841148627,-3.9084784086638207,16,1,1,1,Extremities,Extremities
S93.6,Extremities,-1.5484068268808295,-4.2736704084674155,322,1,Extremities,-0.5049488166081026,-3.9084784086638207,140,1,1,1,Extremities,Extremities
S94.0,Extremities,-0.9447445142594836,-4.2736704084674155,4,1,Extremities,-0.40982533533395044,-3.9084784086638207,1,1,1,1,Extremities,Extremities
S94.1,Extremities,-0.6582793867579574,-4.2736704084674155,5,1,Extremities,-0.6119831703254979,-3.9084784086638207,1,1,1,1,Extremities,Extremities
S94.2,Extremities,-1.5033832274095351,-4.2736704084674155,59,1,Extremities,-1.435896958865629,-3.9084784086638207,38,1,1,1,Extremities,Extremities
S94.3,Extremities,-0.7139001078298485,-4.2736704084674155,6,1,NA,NA,NA,NA,NA,1,1,Extremities,Extremities
S94.8,Extremities,-1.030817974525465,-4.2736704084674155,35,1,Extremities,-1.142575684778722,-3.9084784086638207,8,1,1,1,Extremities,Extremities
S94.9,Extremities,-1.045536447897497,-4.2736704084674155,10,1,Extremities,-0.8587548883391976,-3.9084784086638207,7,1,1,1,Extremities,Extremities
S95.0,Extremities,0.7144384955865799,-4.2736704084674155,44,3,Extremities,1.3489657974242348,-3.9084784086638207,19,5,3,5,Extremities,Extremities
S95.1,Extremities,1.6829980299277951,-4.2736704084674155,12,5,Extremities,-0.4096866420478329,-3.9084784086638207,1,1,5,1,Extremities,Extremities
S95.2,Extremities,-1.1460086198640846,-4.2736704084674155,3,1,Extremities,-0.6819606563060923,-3.9084784086638207,1,1,1,1,Extremities,Extremities
S95.8,Extremities,2.043029426342163,-4.2736704084674155,21,5,Extremities,-0.8577205793630314,-3.9084784086638207,13,1,5,1,Extremities,Extremities
S95.9,Extremities,-0.9115888371974137,-4.2736704084674155,26,1,Extremities,-1.2583448216625606,-3.9084784086638207,4,1,1,1,Extremities,Extremities
S96.0,Extremities,-0.951359921605526,-4.2736704084674155,134,1,Extremities,-0.8818366529861986,-3.9084784086638207,43,1,1,1,Extremities,Extremities
S96.1,Extremities,-0.750232272138886,-4.2736704084674155,259,1,Extremities,-0.037587520274229784,-3.9084784086638207,97,2,1,2,Extremities,Extremities
S96.2,Extremities,-1.1083140254547075,-4.2736704084674155,31,1,Extremities,-0.8006858479682165,-3.9084784086638207,4,1,1,1,Extremities,Extremities
S96.8,Extremities,-1.117054120841531,-4.2736704084674155,482,1,Extremities,-1.0257915639883395,-3.9084784086638207,133,1,1,1,Extremities,Extremities
S96.9,Extremities,-0.6241765379723,-4.2736704084674155,270,1,Extremities,-1.1297461502735335,-3.9084784086638207,79,1,1,1,Extremities,Extremities
S97.0,Extremities,-1.2457241672287578,-4.2736704084674155,35,1,Extremities,0.20387521814846127,-3.9084784086638207,49,3,1,3,Extremities,Extremities
S97.1,Extremities,0.21237125693121983,-4.2736704084674155,69,1,Extremities,-1.0370076410994218,-3.9084784086638207,51,1,1,1,Extremities,Extremities
S97.8,Extremities,-0.6641807225016185,-4.2736704084674155,290,1,Extremities,-0.410113143753494,-3.9084784086638207,177,1,1,1,Extremities,Extremities
S98.0,Extremities,0.9873071161664306,-4.2736704084674155,85,4,Extremities,0.6823289776788476,-3.9084784086638207,18,4,4,4,Extremities,Extremities
S98.1,Extremities,-0.35944051230422036,-4.2736704084674155,617,1,Extremities,-1.170006725478639,-3.9084784086638207,150,1,1,1,Extremities,Extremities
S98.2,Extremities,-1.144378493210214,-4.2736704084674155,128,1,Extremities,0.2592453678790145,-3.9084784086638207,44,3,1,3,Extremities,Extremities
S98.3,Extremities,-1.4503681419477208,-4.2736704084674155,75,1,Extremities,0.47258455524695414,-3.9084784086638207,19,3,1,3,Extremities,Extremities
S98.9,Extremities,1.431904553918437,-4.2736704084674155,98,5,Extremities,-1.9470405613062185,-3.9084784086638207,12,1,5,1,Extremities,Extremities
S99.0,Extremities,0.09470398325179508,-4.2736704084674155,32,1,Extremities,-0.8822156434191499,-3.9084784086638207,10,1,1,1,Extremities,Extremities
S99.1,Extremities,-1.093865999684755,-4.2736704084674155,48,1,Extremities,-1.0601266509534144,-3.9084784086638207,8,1,1,1,Extremities,Extremities
S99.2,Extremities,-1.3031022370268366,-4.2736704084674155,68,1,Extremities,-1.041361293405584,-3.9084784086638207,9,1,1,1,Extremities,Extremities
S99.8,Extremities,-0.10717201370538368,-4.2736704084674155,199,1,Extremities,-1.1952176718732566,-3.9084784086638207,84,1,1,1,Extremities,Extremities
S99.9,Extremities,-0.11884682301943325,-4.2736704084674155,599,1,Extremities,-0.72743463520169,-3.9084784086638207,319,1,1,1,Extremities,Extremities
T07,General,0.20415837303691933,-4.2736704084674155,6443,1,NA,NA,NA,NA,NA,1,1,General,General
T07.,NA,NA,NA,NA,NA,General,0.02295557685416897,-3.9084784086638207,34,2,2,2,General,General
T07.X,General,0.7117671028070557,-4.2736704084674155,218,3,NA,NA,NA,NA,NA,3,3,General,General
T14.8,General,0.233042322558152,-4.2736704084674155,30283,1,General,0.11072312418440003,-3.9084784086638207,1590,2,1,2,General,General
T14.9,General,0.8018702388824819,-4.2736704084674155,1138,4,General,0.03089715687895407,-3.9084784086638207,655,2,4,2,General,General
T20.0,General,-0.13801021411298686,-4.2736704084674155,611,1,General,0.9337579541080827,-3.9084784086638207,40,5,1,5,General,General
T20.1,General,-0.19874903370059857,-4.2736704084674155,1333,1,General,0.7335583557064878,-3.9084784086638207,32,4,1,4,General,General
T20.2,General,0.06711367782899233,-4.2736704084674155,5279,1,General,0.32739264900327064,-3.9084784086638207,84,3,1,3,General,General
T20.3,General,0.567588147084314,-4.2736704084674155,685,3,General,1.7047391200986413,-3.9084784086638207,42,5,3,5,General,General
T20.4,General,-1.1920996146148193,-4.2736704084674155,18,1,General,-2.2108576864971035,-3.9084784086638207,4,1,1,1,General,General
T20.5,General,0.495776458788031,-4.2736704084674155,35,3,General,-0.7881240333866125,-3.9084784086638207,3,1,3,1,General,General
T20.6,General,-0.9166132527038587,-4.2736704084674155,57,1,General,-1.134307172638863,-3.9084784086638207,2,1,1,1,General,General
T20.7,General,-0.9178395120251585,-4.2736704084674155,9,1,NA,NA,NA,NA,NA,1,1,General,General
T21.0,General,-0.01725435338047042,-4.2736704084674155,422,1,General,1.1501352147432142,-3.9084784086638207,58,5,1,5,General,General
T21.1,General,-0.3581049312961736,-4.2736704084674155,724,1,General,0.436615627896737,-3.9084784086638207,30,3,1,3,General,General
T21.2,General,-0.09879839369370841,-4.2736704084674155,5111,1,General,-0.3881530777954581,-3.9084784086638207,120,1,1,1,General,General
T21.3,General,0.510939796502804,-4.2736704084674155,1309,3,General,0.5839520376906271,-3.9084784086638207,76,4,3,4,General,General
T21.4,General,-1.0913974074660275,-4.2736704084674155,18,1,General,2.8953459847124483,-3.9084784086638207,8,5,1,5,General,General
T21.5,General,0.42012909429125567,-4.2736704084674155,27,2,General,-1.307368831921195,-3.9084784086638207,3,1,2,1,General,General
T21.6,General,-0.8725501593314758,-4.2736704084674155,66,1,General,-0.967251153945114,-3.9084784086638207,4,1,1,1,General,General
T21.7,General,-1.0318995128299526,-4.2736704084674155,26,1,General,-1.625059919516071,-3.9084784086638207,3,1,1,1,General,General
T22.0,General,0.2775366099417698,-4.2736704084674155,428,2,General,-0.10424079842626219,-3.9084784086638207,53,1,2,1,General,General
T22.1,General,-0.33922185614631634,-4.2736704084674155,796,1,General,-2.6044832585991635,-3.9084784086638207,16,1,1,1,General,General
T22.2,General,-0.1680782381438444,-4.2736704084674155,5551,1,General,-0.6736687030035623,-3.9084784086638207,112,1,1,1,General,General
T22.3,General,0.13520050214571513,-4.2736704084674155,1437,1,General,-0.8541239730834365,-3.9084784086638207,89,1,1,1,General,General
T22.4,General,-0.8456661370389836,-4.2736704084674155,8,1,General,-1.3490586401628708,-3.9084784086638207,3,1,1,1,General,General
T22.5,General,-0.9502723598631588,-4.2736704084674155,12,1,General,-0.4028107190388817,-3.9084784086638207,2,1,1,1,General,General
T22.6,General,-0.7806953751907036,-4.2736704084674155,57,1,General,-1.0670193018838667,-3.9084784086638207,4,1,1,1,General,General
T22.7,General,-0.8348838177362475,-4.2736704084674155,25,1,General,-0.9532416899715627,-3.9084784086638207,2,1,1,1,General,General
T23.0,General,0.01967515508956124,-4.2736704084674155,549,1,General,-1.5591980970809134,-3.9084784086638207,55,1,1,1,General,General
T23.1,General,-0.33197694596749355,-4.2736704084674155,705,1,General,-1.2055821517012966,-3.9084784086638207,13,1,1,1,General,General
T23.2,General,-0.23530480816651567,-4.2736704084674155,5676,1,General,0.3836462396437144,-3.9084784086638207,92,3,1,3,General,General
T23.3,General,-0.22579368036392325,-4.2736704084674155,1369,1,General,0.967859178070062,-3.9084784086638207,69,5,1,5,General,General
T23.4,General,-0.9634566431265663,-4.2736704084674155,10,1,General,-0.9708573987588325,-3.9084784086638207,1,1,1,1,General,General
T23.5,General,-1.10820067376014,-4.2736704084674155,9,1,NA,NA,NA,NA,NA,1,1,General,General
T23.6,General,-0.9713998083458473,-4.2736704084674155,46,1,General,-0.8025976110862802,-3.9084784086638207,3,1,1,1,General,General
T23.7,General,-0.9243338134651804,-4.2736704084674155,21,1,General,-0.21229688097795846,-3.9084784086638207,1,1,1,1,General,General
T24.0,General,0.31586794705940324,-4.2736704084674155,312,2,General,-0.03699436184696892,-3.9084784086638207,51,2,2,2,General,General
T24.1,General,-0.7084150760060033,-4.2736704084674155,463,1,General,-1.2950965248017383,-3.9084784086638207,16,1,1,1,General,General
T24.2,Extremities,-0.16183791297582395,-4.2736704084674155,4227,1,Extremities,0.512896577564263,-3.9084784086638207,105,4,1,4,Extremities,Extremities
T24.3,General,0.4935218589184126,-4.2736704084674155,1474,3,General,-0.09344801291678811,-3.9084784086638207,112,1,3,1,General,General
T24.4,General,-0.9262908592404154,-4.2736704084674155,12,1,General,-1.3022266199008468,-3.9084784086638207,1,1,1,1,General,General
T24.5,General,-1.4669236304744877,-4.2736704084674155,6,1,General,-0.08499157046139073,-3.9084784086638207,1,1,1,1,General,General
T24.6,General,-0.8445951777874278,-4.2736704084674155,44,1,General,-0.06857503774459515,-3.9084784086638207,2,2,1,2,General,General
T24.7,General,-1.0438343809087316,-4.2736704084674155,32,1,General,-1.1823111143028824,-3.9084784086638207,1,1,1,1,General,General
T25.0,General,0.7208363018937167,-4.2736704084674155,159,3,General,0.95956649118067,-3.9084784086638207,23,5,3,5,General,General
T25.1,General,-0.21808418655350692,-4.2736704084674155,150,1,General,-1.081445742821466,-3.9084784086638207,9,1,1,1,General,General
T25.2,General,-0.13099329420825778,-4.2736704084674155,1826,1,General,0.08513381548056542,-3.9084784086638207,41,2,1,2,General,General
T25.3,General,0.16145020681883376,-4.2736704084674155,776,1,General,-0.26029710000860207,-3.9084784086638207,44,1,1,1,General,General
T25.4,General,-0.35280961408506867,-4.2736704084674155,4,1,General,-1.0237798743427842,-3.9084784086638207,1,1,1,1,General,General
T25.6,General,-0.9326461233608695,-4.2736704084674155,15,1,General,-0.8237729207240234,-3.9084784086638207,1,1,1,1,General,General
T25.7,General,-2.481741312519578,-4.2736704084674155,21,1,General,-0.42924893603724884,-3.9084784086638207,1,1,1,1,General,General
T26.0,General,0.20221938639852222,-4.2736704084674155,274,1,General,-3.237188237014738,-3.9084784086638207,15,1,1,1,General,General
T26.1,General,0.3897763738174971,-4.2736704084674155,203,2,General,1.7607458070727877,-3.9084784086638207,8,5,2,5,General,General
T26.2,General,-0.16838237798496397,-4.2736704084674155,3,1,NA,NA,NA,NA,NA,1,1,General,General
T26.3,General,-0.7052195343803057,-4.2736704084674155,9,1,NA,NA,NA,NA,NA,1,1,General,General
T26.4,General,0.06553316321319451,-4.2736704084674155,67,1,General,-2.7901508707822757,-3.9084784086638207,1,1,1,1,General,General
T26.5,General,-0.5927492833684993,-4.2736704084674155,10,1,General,-4.53248795259023,-3.9084784086638207,1,1,1,1,General,General
T26.6,General,-1.1594318203449105,-4.2736704084674155,48,1,General,-1.074954137804011,-3.9084784086638207,5,1,1,1,General,General
T26.7,General,-1.2165228836084325,-4.2736704084674155,1,1,NA,NA,NA,NA,NA,1,1,General,General
T26.8,General,-0.8221839590513161,-4.2736704084674155,2,1,NA,NA,NA,NA,NA,1,1,General,General
T26.9,General,1.7545634358167999,-4.2736704084674155,10,5,General,-0.7385021892469801,-3.9084784086638207,1,1,5,1,General,General
T27.0,General,1.813804064517104,-4.2736704084674155,62,5,General,-0.9413650999644977,-3.9084784086638207,1,1,5,1,General,General
T27.1,General,1.8025564673722774,-4.2736704084674155,788,5,General,-1.0612440191976737,-3.9084784086638207,3,1,5,1,General,General
T27.2,General,1.3898516436015307,-4.2736704084674155,64,5,General,1.727178999591525,-3.9084784086638207,3,5,5,5,General,General
T27.3,General,1.664646693781141,-4.2736704084674155,138,5,General,-1.6431917657571706,-3.9084784086638207,7,1,5,1,General,General
T27.4,General,-1.6902952936260864,-4.2736704084674155,1,1,NA,NA,NA,NA,NA,1,1,General,General
T27.5,General,3.200190733319623,-4.2736704084674155,4,5,NA,NA,NA,NA,NA,5,5,General,General
T27.6,General,-1.0639047157864452,-4.2736704084674155,3,1,General,-0.2338478330854556,-3.9084784086638207,1,1,1,1,General,General
T27.7,NA,NA,NA,NA,NA,General,-0.8963147739651258,-3.9084784086638207,1,1,1,1,General,General
T28.0,General,-1.5474125423194356,-4.2736704084674155,86,1,General,-0.9249428539977743,-3.9084784086638207,3,1,1,1,General,General
T28.1,General,-1.8585460589207967,-4.2736704084674155,24,1,NA,NA,NA,NA,NA,1,1,General,General
T28.2,General,-1.4820788492170796,-4.2736704084674155,3,1,NA,NA,NA,NA,NA,1,1,General,General
T28.3,General,-1.3083315046147825,-4.2736704084674155,4,1,NA,NA,NA,NA,NA,1,1,General,General
T28.4,General,-1.5456794204093256,-4.2736704084674155,27,1,General,-1.1829938953141517,-3.9084784086638207,4,1,1,1,General,General
T28.5,General,0.916710697708294,-4.2736704084674155,24,4,General,-0.2338208187981083,-3.9084784086638207,1,1,4,1,General,General
T28.6,General,1.1559367934371356,-4.2736704084674155,35,4,General,-1.4704925964866806,-3.9084784086638207,2,1,4,1,General,General
T28.7,General,0.2281288759106867,-4.2736704084674155,20,1,NA,NA,NA,NA,NA,1,1,General,General
T28.8,General,-1.155690020849782,-4.2736704084674155,1,1,NA,NA,NA,NA,NA,1,1,General,General
T28.9,General,-1.0172347161741913,-4.2736704084674155,2,1,NA,NA,NA,NA,NA,1,1,General,General
T30.0,General,0.048590672545465015,-4.2736704084674155,1985,1,General,-1.1252588993071782,-3.9084784086638207,11,1,1,1,General,General
T30.4,General,0.4838588800488885,-4.2736704084674155,27,3,NA,NA,NA,NA,NA,3,3,General,General
T31.0,General,-0.5611684736827955,-4.2736704084674155,11119,1,General,-0.4374942987036263,-3.9084784086638207,343,1,1,1,General,General
T31.1,General,0.3068870649646096,-4.2736704084674155,2608,2,General,0.449349588284246,-3.9084784086638207,78,3,2,3,General,General
T31.2,General,1.1522615989588307,-4.2736704084674155,796,4,General,0.3705160595418021,-3.9084784086638207,20,3,4,3,General,General
T31.3,General,1.327289495236608,-4.2736704084674155,351,5,General,1.259988035977517,-3.9084784086638207,13,5,5,5,General,General
T31.4,General,2.2580501859594024,-4.2736704084674155,212,5,General,1.7442265061323041,-3.9084784086638207,5,5,5,5,General,General
T31.5,General,2.680104029894024,-4.2736704084674155,115,5,General,4.743830233708189,-3.9084784086638207,8,5,5,5,General,General
T31.6,General,2.7643145966924907,-4.2736704084674155,70,5,General,-1.7991436309082978,-3.9084784086638207,3,1,5,1,General,General
T31.7,General,3.2904487074486295,-4.2736704084674155,77,5,NA,NA,NA,NA,NA,5,5,General,General
T31.8,General,3.1426950939369918,-4.2736704084674155,60,5,General,6.369210183784789,-3.9084784086638207,2,5,5,5,General,General
T31.9,General,3.7375802758013577,-4.2736704084674155,77,5,General,9.215002232251605,-3.9084784086638207,4,5,5,5,General,General
T32.0,General,-0.11842963624514435,-4.2736704084674155,141,1,General,-2.522098761466205,-3.9084784086638207,11,1,1,1,General,General
T32.1,General,1.2792782574696477,-4.2736704084674155,21,4,General,-1.6725459862457221,-3.9084784086638207,1,1,4,1,General,General
T32.2,General,-0.7946471880364713,-4.2736704084674155,8,1,General,-1.3201770311253105,-3.9084784086638207,3,1,1,1,General,General
T32.3,General,-0.24353654809354486,-4.2736704084674155,2,1,NA,NA,NA,NA,NA,1,1,General,General
T32.4,General,-0.3149199625797791,-4.2736704084674155,2,1,General,-0.42908084388847784,-3.9084784086638207,1,1,1,1,General,General
T79.A,Extremities,-0.13025704454168385,-4.2736704084674155,1788,1,Extremities,0.9651852698229646,-3.9084784086638207,1269,5,1,5,Extremities,Extremities
