"dx","TQIP_severity","TQIP_issbr","NIS_severity","NIS_issbr","TQIP_only_severity","TQIP_only_issbr","NIS_only_severity","NIS_only_issbr","TQIP_effect","TQIP_intercept","NIS_effect","NIS_intercept"
"S000",1,"Head/Neck",2,"Head/Neck",1,"Head/Neck",2,"Head/Neck",-0.0198839912009325,-4.27367040846742,-0.0553422768266622,-3.90847840866382
"S001",1,"Face",1,"Face",1,"Face",1,"Face",0.110424773756166,-4.27367040846742,-0.13214491826754,-3.90847840866382
"S002",1,"Face",1,"Face",1,"Face",1,"Face",-0.13116838391726,-4.27367040846742,-0.543945277299213,-3.90847840866382
"S003",1,"Face",1,"Face",1,"Face",1,"Face",-0.0109402666358647,-4.27367040846742,-0.25862641243475,-3.90847840866382
"S004",1,"Face",2,"Face",1,"Face",2,"Face",0.0212599846538155,-4.27367040846742,-0.0360377065989487,-3.90847840866382
"S005",2,"Face",1,"Face",2,"Face",1,"Face",0.303483521889733,-4.27367040846742,-0.841665183589852,-3.90847840866382
"S008",1,"Head/Neck",1,"Head/Neck",1,"Head/Neck",1,"Head/Neck",0.0023062692834381,-4.27367040846742,-0.13889956278653,-3.90847840866382
"S009",1,"Head/Neck",1,"Head/Neck",1,"Head/Neck",1,"Head/Neck",0.206681062831866,-4.27367040846742,-0.139921437300158,-3.90847840866382
"S010",1,"Head/Neck",2,"Head/Neck",1,"Head/Neck",2,"Head/Neck",0.0410233001886018,-4.27367040846742,-0.07581817652558,-3.90847840866382
"S011",1,"Face",1,"Face",1,"Face",1,"Face",-0.245770630814208,-4.27367040846742,-0.33672166309626,-3.90847840866382
"S012",1,"Face",2,"Face",1,"Face",2,"Face",-0.149656933119859,-4.27367040846742,-0.0460208123098695,-3.90847840866382
"S013",1,"Face",1,"Face",1,"Face",1,"Face",-0.337181172754704,-4.27367040846742,-0.348294328822609,-3.90847840866382
"S014",1,"Face",1,"Face",1,"Face",1,"Face",-0.123741443530171,-4.27367040846742,-0.271753756293179,-3.90847840866382
"S015",1,"Face",1,"Face",1,"Face",1,"Face",-0.195917001534253,-4.27367040846742,-0.247085585318677,-3.90847840866382
"S018",1,"Head/Neck",2,"Head/Neck",1,"Head/Neck",2,"Head/Neck",0.0156109234881639,-4.27367040846742,0.0959101570617253,-3.90847840866382
"S019",4,"Head/Neck",4,"Head/Neck",4,"Head/Neck",4,"Head/Neck",0.881200051487558,-4.27367040846742,0.702189151600808,-3.90847840866382
"S020",2,"Head/Neck",3,"Head/Neck",2,"Head/Neck",3,"Head/Neck",0.33436923165965,-4.27367040846742,0.321001774098026,-3.90847840866382
"S021",2,"Face",3,"Face",2,"Face",3,"Face",0.235245095200216,-4.27367040846742,0.243354798813097,-3.90847840866382
"S022",1,"Face",1,"Face",1,"Face",1,"Face",-0.0846510371757155,-4.27367040846742,-0.122569801636892,-3.90847840866382
"S023",1,"Face",1,"Face",1,"Face",1,"Face",-0.178167957075196,-4.27367040846742,-0.318509030015022,-3.90847840866382
"S024",1,"Face",2,"Face",1,"Face",2,"Face",-0.110270452076057,-4.27367040846742,0.0792137413624599,-3.90847840866382
"S025",1,"Face",1,"Face",1,"Face",1,"Face",-0.195819561363245,-4.27367040846742,-0.574012130658539,-3.90847840866382
"S026",1,"Face",1,"Face",1,"Face",1,"Face",-0.110950477163105,-4.27367040846742,-0.409235082469318,-3.90847840866382
"S028",1,"Head/Neck",2,"Head/Neck",1,"Head/Neck",2,"Head/Neck",0.0176485775602861,-4.27367040846742,0.0599040123467783,-3.90847840866382
"S029",5,"Head/Neck",5,"Head/Neck",5,"Head/Neck",5,"Head/Neck",1.81252140387513,-4.27367040846742,1.15882622218614,-3.90847840866382
"S030",1,"Face",3,"Face",1,"Face",3,"Face",0.0190384390994718,-4.27367040846742,0.208063864037709,-3.90847840866382
"S031",1,"Face",1,"Face",1,"Face",1,"Face",-0.073813343416511,-4.27367040846742,-1.35176599289117,-3.90847840866382
"S032",1,"Face",1,"Face",1,"Face",1,"Face",-0.317356571082889,-4.27367040846742,-0.586195434948005,-3.90847840866382
"S034",1,"Face",1,"Face",1,"Face",1,"Face",-0.245138131104529,-4.27367040846742,-1.30967289765588,-3.90847840866382
"S038",1,"Head/Neck",1,"Head/Neck",1,"Head/Neck",1,"Head/Neck",0.032363832279758,-4.27367040846742,-1.3425930020202,-3.90847840866382
"S039",1,"Head/Neck",1,"Head/Neck",1,"Head/Neck",NA,NA,-1.12376790880291,-4.27367040846742,NA,NA
"S040",1,"Head/Neck",1,"Head/Neck",1,"Head/Neck",1,"Head/Neck",-0.291010350316625,-4.27367040846742,-1.05510310890364,-3.90847840866382
"S041",1,"Head/Neck",1,"Head/Neck",1,"Head/Neck",1,"Head/Neck",-1.21686517340037,-4.27367040846742,-2.81044197703834,-3.90847840866382
"S042",1,"Head/Neck",1,"Head/Neck",1,"Head/Neck",1,"Head/Neck",-2.0822899970739,-4.27367040846742,-1.16164954295195,-3.90847840866382
"S043",1,"Head/Neck",1,"Head/Neck",1,"Head/Neck",1,"Head/Neck",-1.45726877352776,-4.27367040846742,-1.6935371774987,-3.90847840866382
"S044",1,"Head/Neck",1,"Head/Neck",1,"Head/Neck",1,"Head/Neck",-2.93215195645305,-4.27367040846742,-0.360541294392643,-3.90847840866382
"S045",1,"Head/Neck",1,"Head/Neck",1,"Head/Neck",1,"Head/Neck",-1.5919282538974,-4.27367040846742,-0.164930270980581,-3.90847840866382
"S046",1,"Head/Neck",1,"Head/Neck",1,"Head/Neck",1,"Head/Neck",-0.433250190582596,-4.27367040846742,-2.36085842840781,-3.90847840866382
"S047",4,"Head/Neck",5,"Head/Neck",4,"Head/Neck",5,"Head/Neck",1.16240033593974,-4.27367040846742,4.54496537371114,-3.90847840866382
"S048",1,"Head/Neck",1,"Head/Neck",1,"Head/Neck",1,"Head/Neck",0.04608510474985,-4.27367040846742,-3.19811189360537,-3.90847840866382
"S049",1,"Head/Neck",1,"Head/Neck",1,"Head/Neck",1,"Head/Neck",-0.321441225113631,-4.27367040846742,-1.15525322263628,-3.90847840866382
"S050",1,"Face",1,"Face",1,"Face",1,"Face",-0.562778283245697,-4.27367040846742,-0.345111822445368,-3.90847840866382
"S051",1,"Face",2,"Face",1,"Face",2,"Face",0.0526671351550862,-4.27367040846742,0.0387134315392035,-3.90847840866382
"S052",1,"Face",1,"Face",1,"Face",1,"Face",-0.171945966443632,-4.27367040846742,-0.997594778587196,-3.90847840866382
"S053",1,"Face",2,"Face",1,"Face",2,"Face",-0.0866391072517607,-4.27367040846742,0.0269254446175931,-3.90847840866382
"S054",1,"Face",3,"Face",1,"Face",3,"Face",-0.184894232692968,-4.27367040846742,0.387402322919687,-3.90847840866382
"S055",1,"Face",1,"Face",1,"Face",1,"Face",-0.203356580884351,-4.27367040846742,-0.288822926822993,-3.90847840866382
"S056",1,"Face",2,"Face",1,"Face",2,"Face",0.0592495291214491,-4.27367040846742,0.101989568316913,-3.90847840866382
"S057",2,"Face",4,"Face",2,"Face",4,"Face",0.392485425225174,-4.27367040846742,0.737434025113202,-3.90847840866382
"S058",1,"Face",2,"Face",1,"Face",2,"Face",-0.122725029107659,-4.27367040846742,0.0434289637474783,-3.90847840866382
"S059",1,"Face",3,"Face",1,"Face",3,"Face",0.102846367282852,-4.27367040846742,0.352616360530804,-3.90847840866382
"S060",1,"Head/Neck",1,"Head/Neck",1,"Head/Neck",1,"Head/Neck",-0.693329938205681,-4.27367040846742,-0.781118309044862,-3.90847840866382
"S061",5,"Head/Neck",5,"Head/Neck",5,"Head/Neck",5,"Head/Neck",1.55013628654109,-4.27367040846742,1.54483595139625,-3.90847840866382
"S062",5,"Head/Neck",5,"Head/Neck",5,"Head/Neck",5,"Head/Neck",1.28901146310945,-4.27367040846742,0.968202527302939,-3.90847840866382
"S063",4,"Head/Neck",5,"Head/Neck",4,"Head/Neck",5,"Head/Neck",0.820776209394077,-4.27367040846742,0.784468151925411,-3.90847840866382
"S064",1,"Head/Neck",1,"Head/Neck",1,"Head/Neck",1,"Head/Neck",-0.421042025210719,-4.27367040846742,-0.282432455372359,-3.90847840866382
"S065",4,"Head/Neck",5,"Head/Neck",4,"Head/Neck",5,"Head/Neck",0.957957926524227,-4.27367040846742,1.03607358788825,-3.90847840866382
"S066",3,"Head/Neck",4,"Head/Neck",3,"Head/Neck",4,"Head/Neck",0.542679670858715,-4.27367040846742,0.724864741733555,-3.90847840866382
"S068",4,"Head/Neck",5,"Head/Neck",4,"Head/Neck",5,"Head/Neck",0.73992829419735,-4.27367040846742,1.27344231565944,-3.90847840866382
"S069",3,"Head/Neck",3,"Head/Neck",3,"Head/Neck",3,"Head/Neck",0.624291549458864,-4.27367040846742,0.182936285296334,-3.90847840866382
"S070",2,"Face",5,"Face",2,"Face",5,"Face",0.334306805764688,-4.27367040846742,1.66655425110559,-3.90847840866382
"S071",5,"Head/Neck",5,"Head/Neck",5,"Head/Neck",5,"Head/Neck",4.38423705239621,-4.27367040846742,1.21888033514109,-3.90847840866382
"S078",5,"Head/Neck",1,"Head/Neck",5,"Head/Neck",1,"Head/Neck",3.42921412168665,-4.27367040846742,-0.988855737083173,-3.90847840866382
"S079",5,"Head/Neck",1,"Head/Neck",5,"Head/Neck",1,"Head/Neck",5.07464856924025,-4.27367040846742,-3.87939474637393,-3.90847840866382
"S080",2,"Head/Neck",3,"Head/Neck",2,"Head/Neck",3,"Head/Neck",0.370338037005818,-4.27367040846742,0.178193487543767,-3.90847840866382
"S081",1,"Face",1,"Face",1,"Face",1,"Face",0.217451471522854,-4.27367040846742,-0.652362334945795,-3.90847840866382
"S088",3,"Head/Neck",5,"Head/Neck",3,"Head/Neck",5,"Head/Neck",0.473827577341104,-4.27367040846742,1.29148269532688,-3.90847840866382
"S090",1,"Head/Neck",1,"Head/Neck",1,"Head/Neck",1,"Head/Neck",0.171295383371203,-4.27367040846742,-0.0865858808451658,-3.90847840866382
"S091",3,"Head/Neck",1,"Head/Neck",3,"Head/Neck",1,"Head/Neck",0.642583909605026,-4.27367040846742,-0.787993340249845,-3.90847840866382
"S092",1,"Face",1,"Face",1,"Face",1,"Face",-0.733405985510824,-4.27367040846742,-0.380240885719676,-3.90847840866382
"S093",1,"Head/Neck",1,"Head/Neck",1,"Head/Neck",1,"Head/Neck",-0.698207149948265,-4.27367040846742,-1.94906232318085,-3.90847840866382
"S098",2,"Head/Neck",1,"Head/Neck",2,"Head/Neck",1,"Head/Neck",0.289602259835628,-4.27367040846742,-0.257662051689751,-3.90847840866382
"S099",2,"Head/Neck",1,"Head/Neck",2,"Head/Neck",1,"Head/Neck",0.284309421801384,-4.27367040846742,-0.134560539904285,-3.90847840866382
"S100",3,"Head/Neck",4,"Head/Neck",3,"Head/Neck",4,"Head/Neck",0.628335672578626,-4.27367040846742,0.653597462833211,-3.90847840866382
"S101",2,"Head/Neck",1,"Head/Neck",2,"Head/Neck",1,"Head/Neck",0.378394352937072,-4.27367040846742,-1.62287312069494,-3.90847840866382
"S108",2,"Head/Neck",1,"Head/Neck",2,"Head/Neck",1,"Head/Neck",0.363029293071387,-4.27367040846742,-0.186107743501081,-3.90847840866382
"S109",2,"Head/Neck",3,"Head/Neck",2,"Head/Neck",3,"Head/Neck",0.398587754205499,-4.27367040846742,0.356706857890253,-3.90847840866382
"S110",4,"Head/Neck",5,"Head/Neck",4,"Head/Neck",5,"Head/Neck",0.871412321970233,-4.27367040846742,1.24062665303165,-3.90847840866382
"S111",2,"Head/Neck",2,"Head/Neck",2,"Head/Neck",2,"Head/Neck",0.32297720997988,-4.27367040846742,0.0763086367457286,-3.90847840866382
"S112",2,"Head/Neck",1,"Head/Neck",2,"Head/Neck",1,"Head/Neck",0.375819353329204,-4.27367040846742,-0.260363440016924,-3.90847840866382
"S118",1,"Head/Neck",1,"Head/Neck",1,"Head/Neck",1,"Head/Neck",0.134240522466191,-4.27367040846742,-0.478127978928373,-3.90847840866382
"S119",3,"Head/Neck",1,"Head/Neck",3,"Head/Neck",1,"Head/Neck",0.4699730977626,-4.27367040846742,-0.262370142712837,-3.90847840866382
"S120",3,"Head/Neck",4,"Head/Neck",3,"Head/Neck",4,"Head/Neck",0.63142787330264,-4.27367040846742,0.641487894107327,-3.90847840866382
"S121",3,"Head/Neck",5,"Head/Neck",3,"Head/Neck",5,"Head/Neck",0.705626220050637,-4.27367040846742,0.808647395980771,-3.90847840866382
"S122",1,"Head/Neck",2,"Head/Neck",1,"Head/Neck",2,"Head/Neck",0.171258862429027,-4.27367040846742,0.107801594909817,-3.90847840866382
"S123",2,"Head/Neck",3,"Head/Neck",2,"Head/Neck",3,"Head/Neck",0.319165688244903,-4.27367040846742,0.35725597665311,-3.90847840866382
"S124",1,"Head/Neck",2,"Head/Neck",1,"Head/Neck",2,"Head/Neck",0.224974960006556,-4.27367040846742,0.134604228209417,-3.90847840866382
"S125",1,"Head/Neck",3,"Head/Neck",1,"Head/Neck",3,"Head/Neck",0.181397386630531,-4.27367040846742,0.318749210741015,-3.90847840866382
"S126",1,"Head/Neck",2,"Head/Neck",1,"Head/Neck",2,"Head/Neck",-0.108563856295302,-4.27367040846742,-0.0608092290925429,-3.90847840866382
"S128",4,"Head/Neck",4,"Head/Neck",4,"Head/Neck",4,"Head/Neck",0.880377322521733,-4.27367040846742,0.61002983963936,-3.90847840866382
"S129",2,"Head/Neck",4,"Head/Neck",2,"Head/Neck",4,"Head/Neck",0.308666969178159,-4.27367040846742,0.653750847714437,-3.90847840866382
"S130",1,"Head/Neck",5,"Head/Neck",1,"Head/Neck",5,"Head/Neck",-0.108039449147823,-4.27367040846742,0.943449146597049,-3.90847840866382
"S131",3,"Head/Neck",4,"Head/Neck",3,"Head/Neck",4,"Head/Neck",0.647346623603949,-4.27367040846742,0.524433956469146,-3.90847840866382
"S132",3,"Head/Neck",1,"Head/Neck",3,"Head/Neck",1,"Head/Neck",0.712021880856035,-4.27367040846742,-1.93741639252539,-3.90847840866382
"S134",1,"Head/Neck",1,"Head/Neck",1,"Head/Neck",1,"Head/Neck",-0.649699818855288,-4.27367040846742,-0.476729381689592,-3.90847840866382
"S135",1,"Head/Neck",1,"Head/Neck",1,"Head/Neck",1,"Head/Neck",-4.8382639299037,-4.27367040846742,-0.934489179613523,-3.90847840866382
"S138",1,"Head/Neck",1,"Head/Neck",1,"Head/Neck",1,"Head/Neck",-1.0555374499707,-4.27367040846742,-1.74788916736038,-3.90847840866382
"S139",1,"Head/Neck",1,"Head/Neck",1,"Head/Neck",1,"Head/Neck",-0.726968579972234,-4.27367040846742,-0.197025879297136,-3.90847840866382
"S140",3,"Head/Neck",3,"Head/Neck",3,"Head/Neck",3,"Head/Neck",0.461248538999639,-4.27367040846742,0.479174764039349,-3.90847840866382
"S141",4,"Head/Neck",5,"Head/Neck",4,"Head/Neck",5,"Head/Neck",1.24253870097688,-4.27367040846742,1.02193661091598,-3.90847840866382
"S142",1,"Head/Neck",1,"Head/Neck",1,"Head/Neck",1,"Head/Neck",-0.657533459930942,-4.27367040846742,-1.65682242517575,-3.90847840866382
"S143",1,"Head/Neck",1,"Head/Neck",1,"Head/Neck",1,"Head/Neck",-1.52526007637385,-4.27367040846742,-1.08199444056309,-3.90847840866382
"S144",1,"Head/Neck",1,"Head/Neck",1,"Head/Neck",1,"Head/Neck",-1.82714267720041,-4.27367040846742,-2.06495136844099,-3.90847840866382
"S145",5,"Head/Neck",1,"Head/Neck",5,"Head/Neck",1,"Head/Neck",1.55919523235723,-4.27367040846742,-2.47907781919761,-3.90847840866382
"S148",3,"Head/Neck",2,"Head/Neck",3,"Head/Neck",2,"Head/Neck",0.423848876486896,-4.27367040846742,-0.045094312773182,-3.90847840866382
"S149",1,"Head/Neck",1,"Head/Neck",1,"Head/Neck",1,"Head/Neck",-1.49396262153704,-4.27367040846742,-1.61596476658321,-3.90847840866382
"S150",3,"Head/Neck",4,"Head/Neck",3,"Head/Neck",4,"Head/Neck",0.461477291112714,-4.27367040846742,0.617922449857334,-3.90847840866382
"S151",1,"Head/Neck",2,"Head/Neck",1,"Head/Neck",2,"Head/Neck",0.186489489483491,-4.27367040846742,0.103058928255147,-3.90847840866382
"S152",2,"Head/Neck",5,"Head/Neck",2,"Head/Neck",5,"Head/Neck",0.340597849464411,-4.27367040846742,1.06838515019226,-3.90847840866382
"S153",4,"Head/Neck",4,"Head/Neck",4,"Head/Neck",4,"Head/Neck",1.03713421564481,-4.27367040846742,0.708760088028276,-3.90847840866382
"S158",3,"Head/Neck",4,"Head/Neck",3,"Head/Neck",4,"Head/Neck",0.486364707842724,-4.27367040846742,0.703273905809937,-3.90847840866382
"S159",3,"Head/Neck",5,"Head/Neck",3,"Head/Neck",5,"Head/Neck",0.646209890440384,-4.27367040846742,2.34309956270875,-3.90847840866382
"S161",1,"Head/Neck",1,"Head/Neck",1,"Head/Neck",1,"Head/Neck",-1.15759183186598,-4.27367040846742,-0.976244644454018,-3.90847840866382
"S162",2,"Head/Neck",1,"Head/Neck",2,"Head/Neck",1,"Head/Neck",0.378350421890197,-4.27367040846742,-1.58887374810179,-3.90847840866382
"S168",4,"Head/Neck",1,"Head/Neck",4,"Head/Neck",1,"Head/Neck",0.836383435134622,-4.27367040846742,-1.46949283512829,-3.90847840866382
"S169",1,"Head/Neck",1,"Head/Neck",1,"Head/Neck",1,"Head/Neck",0.0792360572719345,-4.27367040846742,-1.6076697999519,-3.90847840866382
"S170",5,"Head/Neck",1,"Head/Neck",5,"Head/Neck",1,"Head/Neck",1.90272245245625,-4.27367040846742,-1.59035053978335,-3.90847840866382
"S178",1,"Head/Neck",5,"Head/Neck",1,"Head/Neck",5,"Head/Neck",-1.88028581931533,-4.27367040846742,3.07033041619925,-3.90847840866382
"S179",5,"Head/Neck",5,"Head/Neck",5,"Head/Neck",5,"Head/Neck",4.02513683884202,-4.27367040846742,2.33249179413612,-3.90847840866382
"S198",2,"Head/Neck",1,"Head/Neck",2,"Head/Neck",1,"Head/Neck",0.377141014946152,-4.27367040846742,-0.0843352883812376,-3.90847840866382
"S199",3,"Head/Neck",3,"Head/Neck",3,"Head/Neck",3,"Head/Neck",0.459604779103699,-4.27367040846742,0.30550472175656,-3.90847840866382
"S200",1,"Chest",1,"Chest",1,"Chest",1,"Chest",0.231688435215845,-4.27367040846742,-0.529185099821613,-3.90847840866382
"S201",2,"Chest",1,"Chest",2,"Chest",1,"Chest",0.239167829957606,-4.27367040846742,-1.16478610827299,-3.90847840866382
"S202",1,"Chest",1,"Chest",1,"Chest",1,"Chest",0.176209912016326,-4.27367040846742,-0.139750278140623,-3.90847840866382
"S203",1,"Chest",1,"Chest",1,"Chest",1,"Chest",0.194555868733997,-4.27367040846742,-0.266636045398721,-3.90847840866382
"S204",1,"Chest",1,"Chest",1,"Chest",1,"Chest",0.104932227856776,-4.27367040846742,-0.574712017684337,-3.90847840866382
"S209",1,"Chest",1,"Chest",1,"Chest",1,"Chest",0.088594842483155,-4.27367040846742,-1.56605598340201,-3.90847840866382
"S210",1,"Chest",2,"Chest",1,"Chest",2,"Chest",0.00376432514544236,-4.27367040846742,0.0796854302767267,-3.90847840866382
"S211",2,"Chest",2,"Chest",2,"Chest",2,"Chest",0.405660688428417,-4.27367040846742,0.0519866616506384,-3.90847840866382
"S212",1,"Chest",2,"Chest",1,"Chest",2,"Chest",-0.0468624644856956,-4.27367040846742,0.126027324495678,-3.90847840866382
"S213",5,"Chest",2,"Chest",5,"Chest",2,"Chest",1.29673599349247,-4.27367040846742,0.117998017481278,-3.90847840866382
"S214",4,"Chest",2,"Chest",4,"Chest",2,"Chest",0.822903124189771,-4.27367040846742,-0.0476924053268021,-3.90847840866382
"S219",4,"Chest",1,"Chest",4,"Chest",1,"Chest",0.94469504785169,-4.27367040846742,-0.205800265366602,-3.90847840866382
"S220",1,"Chest",2,"Chest",1,"Chest",2,"Chest",0.0594021705223304,-4.27367040846742,0.00679243001944724,-3.90847840866382
"S222",1,"Chest",3,"Chest",1,"Chest",3,"Chest",0.166589964770818,-4.27367040846742,0.352244632901713,-3.90847840866382
"S223",1,"Chest",3,"Chest",1,"Chest",3,"Chest",-0.0295532680030739,-4.27367040846742,0.16313020171706,-3.90847840866382
"S224",2,"Chest",4,"Chest",2,"Chest",4,"Chest",0.349501060068543,-4.27367040846742,0.503693860340703,-3.90847840866382
"S225",4,"Chest",5,"Chest",4,"Chest",5,"Chest",0.866640825468775,-4.27367040846742,0.791087905343311,-3.90847840866382
"S228",1,"Chest",1,"Chest",1,"Chest",NA,NA,-1.17157718177309,-4.27367040846742,NA,NA
"S229",5,"Chest",1,"Chest",5,"Chest",1,"Chest",2.11932748304589,-4.27367040846742,-0.656959647726862,-3.90847840866382
"S230",4,"Chest",1,"Chest",4,"Chest",1,"Chest",1.15616304074722,-4.27367040846742,-2.22895089193946,-3.90847840866382
"S231",2,"Chest",5,"Chest",2,"Chest",5,"Chest",0.351678957194497,-4.27367040846742,0.825554159761939,-3.90847840866382
"S232",2,"Chest",2,"Chest",2,"Chest",2,"Chest",0.258257588830823,-4.27367040846742,-0.0541578884077685,-3.90847840866382
"S233",1,"Chest",2,"Chest",1,"Chest",2,"Chest",-0.123209776066657,-4.27367040846742,-0.0462589221651727,-3.90847840866382
"S234",1,"Chest",1,"Chest",1,"Chest",1,"Chest",-0.0203197907344336,-4.27367040846742,-1.42192221313765,-3.90847840866382
"S238",1,"Chest",1,"Chest",1,"Chest",1,"Chest",-1.04516696294367,-4.27367040846742,-1.30227581846187,-3.90847840866382
"S239",1,"Chest",1,"Chest",1,"Chest",1,"Chest",0.0146624372948789,-4.27367040846742,-1.23361706027516,-3.90847840866382
"S240",2,"Chest",4,"Chest",2,"Chest",4,"Chest",0.314077387479398,-4.27367040846742,0.689741927497003,-3.90847840866382
"S241",1,"Chest",3,"Chest",1,"Chest",3,"Chest",0.0953941731620698,-4.27367040846742,0.426790192337733,-3.90847840866382
"S242",1,"Chest",1,"Chest",1,"Chest",1,"Chest",-0.802392808371201,-4.27367040846742,-1.98906099866311,-3.90847840866382
"S243",1,"Chest",1,"Chest",1,"Chest",NA,NA,-1.04184854453065,-4.27367040846742,NA,NA
"S244",1,"Chest",1,"Chest",1,"Chest",1,"Chest",-0.957032552441288,-4.27367040846742,-1.89395459539908,-3.90847840866382
"S248",1,"Chest",1,"Chest",1,"Chest",1,"Chest",-4.55917879545624,-4.27367040846742,-1.70759047584379,-3.90847840866382
"S249",1,"Chest",1,"Chest",1,"Chest",1,"Chest",-1.15405401208652,-4.27367040846742,-1.66075493013978,-3.90847840866382
"S250",4,"Chest",4,"Chest",4,"Chest",4,"Chest",1.27721111808046,-4.27367040846742,0.56001152415443,-3.90847840866382
"S251",4,"Chest",5,"Chest",4,"Chest",5,"Chest",0.746135291390658,-4.27367040846742,1.25717612594332,-3.90847840866382
"S252",5,"Chest",5,"Chest",5,"Chest",5,"Chest",2.45559026223514,-4.27367040846742,3.16120507741874,-3.90847840866382
"S253",5,"Chest",4,"Chest",5,"Chest",4,"Chest",1.36077060927324,-4.27367040846742,0.736481281099067,-3.90847840866382
"S254",5,"Chest",5,"Chest",5,"Chest",5,"Chest",1.91248157964854,-4.27367040846742,1.20003684004061,-3.90847840866382
"S255",1,"Chest",5,"Chest",1,"Chest",5,"Chest",0.228060437457714,-4.27367040846742,1.24693218798393,-3.90847840866382
"S258",3,"Chest",3,"Chest",3,"Chest",3,"Chest",0.572341255619745,-4.27367040846742,0.259730156423788,-3.90847840866382
"S259",5,"Chest",5,"Chest",5,"Chest",5,"Chest",1.48182595337621,-4.27367040846742,1.15416386605329,-3.90847840866382
"S260",5,"Chest",5,"Chest",5,"Chest",5,"Chest",2.27905779655035,-4.27367040846742,1.61581082371185,-3.90847840866382
"S261",4,"Chest",3,"Chest",4,"Chest",3,"Chest",0.925697232700955,-4.27367040846742,0.227707311278145,-3.90847840866382
"S262",1,"Chest",1,"Chest",1,"Chest",NA,NA,-1.2523821456198,-4.27367040846742,NA,NA
"S269",5,"Chest",5,"Chest",5,"Chest",5,"Chest",1.33666350145099,-4.27367040846742,0.987491939020782,-3.90847840866382
"S270",1,"Chest",3,"Chest",1,"Chest",3,"Chest",-0.0241348046629606,-4.27367040846742,0.246550686195302,-3.90847840866382
"S271",4,"Chest",4,"Chest",4,"Chest",4,"Chest",1.10852677358354,-4.27367040846742,0.593969380899356,-3.90847840866382
"S272",1,"Chest",3,"Chest",1,"Chest",3,"Chest",0.217695645581088,-4.27367040846742,0.388548657893958,-3.90847840866382
"S273",1,"Chest",2,"Chest",1,"Chest",2,"Chest",0.141796668757901,-4.27367040846742,0.022286134500288,-3.90847840866382
"S274",4,"Chest",5,"Chest",4,"Chest",5,"Chest",1.02265330098157,-4.27367040846742,1.52739293530474,-3.90847840866382
"S275",3,"Chest",5,"Chest",3,"Chest",5,"Chest",0.725456611131848,-4.27367040846742,2.43429716265522,-3.90847840866382
"S276",3,"Chest",4,"Chest",3,"Chest",4,"Chest",0.54937670954586,-4.27367040846742,0.542363402126707,-3.90847840866382
"S278",2,"Chest",3,"Chest",2,"Chest",3,"Chest",0.320800814600957,-4.27367040846742,0.260010436560365,-3.90847840866382
"S279",5,"Chest",4,"Chest",5,"Chest",4,"Chest",2.16728515001236,-4.27367040846742,0.598534264449889,-3.90847840866382
"S280",5,"Chest",3,"Chest",5,"Chest",3,"Chest",3.66320580111094,-4.27367040846742,0.492884215593913,-3.90847840866382
"S281",2,"Chest",2,"Chest",2,"Chest",NA,NA,0.344968232934836,-4.27367040846742,NA,NA
"S282",1,"Chest",1,"Chest",1,"Chest",1,"Chest",-3.25169218011869,-4.27367040846742,-2.36298310523604,-3.90847840866382
"S290",1,"Chest",1,"Chest",1,"Chest",1,"Chest",0.0522872238342334,-4.27367040846742,-0.512655863107232,-3.90847840866382
"S298",1,"Chest",3,"Chest",1,"Chest",3,"Chest",-0.0362196633992089,-4.27367040846742,0.208531002799816,-3.90847840866382
"S299",4,"Chest",2,"Chest",4,"Chest",2,"Chest",1.05037094325459,-4.27367040846742,0.0286324338072533,-3.90847840866382
"S300",1,"Abdomen",2,"Abdomen",1,"Abdomen",2,"Abdomen",0.129714040476826,-4.27367040846742,-0.0600457737708633,-3.90847840866382
"S301",1,"Abdomen",2,"Abdomen",1,"Abdomen",2,"Abdomen",0.0729040497057193,-4.27367040846742,-0.0143638413461509,-3.90847840866382
"S302",1,"Abdomen",2,"Abdomen",1,"Abdomen",2,"Abdomen",0.194764986334602,-4.27367040846742,-0.0625248079461182,-3.90847840866382
"S303",1,"Abdomen",1,"Abdomen",1,"Abdomen",1,"Abdomen",0.146518721061252,-4.27367040846742,-1.31023500811524,-3.90847840866382
"S308",1,"Abdomen",1,"Abdomen",1,"Abdomen",1,"Abdomen",-0.129901066581929,-4.27367040846742,-0.298061852126612,-3.90847840866382
"S309",3,"Abdomen",1,"Abdomen",3,"Abdomen",1,"Abdomen",0.544470675247318,-4.27367040846742,-0.229697446115745,-3.90847840866382
"S310",1,"Abdomen",3,"Abdomen",1,"Abdomen",3,"Abdomen",0.202708856318924,-4.27367040846742,0.225176203805682,-3.90847840866382
"S311",1,"Abdomen",1,"Abdomen",1,"Abdomen",1,"Abdomen",-0.0930704608575694,-4.27367040846742,-0.183975527788726,-3.90847840866382
"S312",1,"Abdomen",1,"Abdomen",1,"Abdomen",1,"Abdomen",0.137638266432794,-4.27367040846742,-0.832225260893607,-3.90847840866382
"S313",1,"Abdomen",3,"Abdomen",1,"Abdomen",3,"Abdomen",0.160632791019275,-4.27367040846742,0.306810902808031,-3.90847840866382
"S314",1,"Abdomen",1,"Abdomen",1,"Abdomen",1,"Abdomen",-0.323632054591757,-4.27367040846742,-0.559705084558336,-3.90847840866382
"S315",3,"Abdomen",3,"Abdomen",3,"Abdomen",3,"Abdomen",0.538660144385286,-4.27367040846742,0.437917459667842,-3.90847840866382
"S316",2,"Abdomen",2,"Abdomen",2,"Abdomen",2,"Abdomen",0.40381933689337,-4.27367040846742,-0.0806654539785089,-3.90847840866382
"S318",2,"Abdomen",1,"Abdomen",2,"Abdomen",1,"Abdomen",0.259379790219706,-4.27367040846742,-0.285843505491445,-3.90847840866382
"S320",1,"Abdomen",1,"Abdomen",1,"Abdomen",1,"Abdomen",-0.153055328462519,-4.27367040846742,-0.229661636465127,-3.90847840866382
"S321",1,"Abdomen",2,"Abdomen",1,"Abdomen",2,"Abdomen",-0.0931313494533843,-4.27367040846742,-0.0337309967292981,-3.90847840866382
"S322",1,"Abdomen",2,"Abdomen",1,"Abdomen",2,"Abdomen",-0.388128082624314,-4.27367040846742,0.0220004301837404,-3.90847840866382
"S323",1,"Abdomen",3,"Abdomen",1,"Abdomen",3,"Abdomen",0.169514445325425,-4.27367040846742,0.23971476714951,-3.90847840866382
"S324",1,"Abdomen",2,"Abdomen",1,"Abdomen",2,"Abdomen",-0.133500992577019,-4.27367040846742,0.0294285274324862,-3.90847840866382
"S325",1,"Abdomen",2,"Abdomen",1,"Abdomen",2,"Abdomen",0.178658605112407,-4.27367040846742,0.138307072531567,-3.90847840866382
"S326",1,"Abdomen",2,"Abdomen",1,"Abdomen",2,"Abdomen",0.165277483559593,-4.27367040846742,-0.0268537362253336,-3.90847840866382
"S328",3,"Abdomen",2,"Abdomen",3,"Abdomen",2,"Abdomen",0.466458069530787,-4.27367040846742,0.145621764352589,-3.90847840866382
"S329",3,"Abdomen",4,"Abdomen",3,"Abdomen",4,"Abdomen",0.735210089789303,-4.27367040846742,0.507345166239174,-3.90847840866382
"S330",1,"Abdomen",1,"Abdomen",1,"Abdomen",1,"Abdomen",-0.958486639865113,-4.27367040846742,-1.15131412193067,-3.90847840866382
"S331",1,"Abdomen",1,"Abdomen",1,"Abdomen",1,"Abdomen",-0.370269188415613,-4.27367040846742,-1.20815682940018,-3.90847840866382
"S332",1,"Abdomen",1,"Abdomen",1,"Abdomen",1,"Abdomen",-0.158473665235997,-4.27367040846742,-0.858923232389044,-3.90847840866382
"S333",1,"Abdomen",1,"Abdomen",1,"Abdomen",1,"Abdomen",-0.0110773792101964,-4.27367040846742,-1.86609081370056,-3.90847840866382
"S334",1,"Abdomen",1,"Abdomen",1,"Abdomen",1,"Abdomen",-0.102848201237566,-4.27367040846742,-1.44567088040382,-3.90847840866382
"S335",1,"Abdomen",2,"Abdomen",1,"Abdomen",2,"Abdomen",-0.729646948672192,-4.27367040846742,-0.0782964875641293,-3.90847840866382
"S336",1,"Abdomen",1,"Abdomen",1,"Abdomen",1,"Abdomen",0.0262520301420297,-4.27367040846742,-1.31386140601868,-3.90847840866382
"S338",1,"Abdomen",1,"Abdomen",1,"Abdomen",1,"Abdomen",-1.22693919105119,-4.27367040846742,-1.2447395246171,-3.90847840866382
"S339",1,"Abdomen",3,"Abdomen",1,"Abdomen",3,"Abdomen",-0.0605045537308693,-4.27367040846742,0.325145235932218,-3.90847840866382
"S340",1,"Abdomen",1,"Abdomen",1,"Abdomen",1,"Abdomen",-1.05214198567094,-4.27367040846742,-1.66031886491918,-3.90847840866382
"S341",1,"Abdomen",1,"Abdomen",1,"Abdomen",1,"Abdomen",-0.388027095216636,-4.27367040846742,-0.176891873979459,-3.90847840866382
"S342",1,"Abdomen",1,"Abdomen",1,"Abdomen",1,"Abdomen",-1.58533353326723,-4.27367040846742,-1.53790027737969,-3.90847840866382
"S343",2,"Abdomen",3,"Abdomen",2,"Abdomen",3,"Abdomen",0.31940913859172,-4.27367040846742,0.477723371514803,-3.90847840866382
"S344",1,"Abdomen",1,"Abdomen",1,"Abdomen",1,"Abdomen",0.0483875922769145,-4.27367040846742,-1.40383135584873,-3.90847840866382
"S345",4,"Abdomen",1,"Abdomen",4,"Abdomen",1,"Abdomen",1.03132451017363,-4.27367040846742,-1.40629604184254,-3.90847840866382
"S346",5,"Abdomen",1,"Abdomen",5,"Abdomen",1,"Abdomen",1.81264514651796,-4.27367040846742,-1.09592535689802,-3.90847840866382
"S348",1,"Abdomen",1,"Abdomen",1,"Abdomen",1,"Abdomen",-1.4556370536848,-4.27367040846742,-1.14671423633339,-3.90847840866382
"S349",1,"Abdomen",1,"Abdomen",1,"Abdomen",1,"Abdomen",-1.8306944371022,-4.27367040846742,-1.24177369126063,-3.90847840866382
"S350",5,"Abdomen",5,"Abdomen",5,"Abdomen",5,"Abdomen",1.71849065263164,-4.27367040846742,0.754024958544127,-3.90847840866382
"S351",5,"Abdomen",5,"Abdomen",5,"Abdomen",5,"Abdomen",2.00801063020422,-4.27367040846742,1.21628026178531,-3.90847840866382
"S352",3,"Abdomen",4,"Abdomen",3,"Abdomen",4,"Abdomen",0.508974829062444,-4.27367040846742,0.576826521039537,-3.90847840866382
"S353",4,"Abdomen",5,"Abdomen",4,"Abdomen",5,"Abdomen",1.25099927059401,-4.27367040846742,0.973834820044476,-3.90847840866382
"S354",2,"Abdomen",2,"Abdomen",2,"Abdomen",2,"Abdomen",0.354261564191169,-4.27367040846742,0.154705633565084,-3.90847840866382
"S355",5,"Abdomen",5,"Abdomen",5,"Abdomen",5,"Abdomen",1.46516174243274,-4.27367040846742,1.28191446006461,-3.90847840866382
"S358",4,"Abdomen",4,"Abdomen",4,"Abdomen",4,"Abdomen",0.783761507914168,-4.27367040846742,0.668073088046216,-3.90847840866382
"S359",4,"Abdomen",2,"Abdomen",4,"Abdomen",2,"Abdomen",0.791873465303484,-4.27367040846742,0.0435024910567219,-3.90847840866382
"S360",1,"Abdomen",2,"Abdomen",1,"Abdomen",2,"Abdomen",0.145001653785125,-4.27367040846742,0.124534891469749,-3.90847840866382
"S361",2,"Abdomen",3,"Abdomen",2,"Abdomen",3,"Abdomen",0.402346401502304,-4.27367040846742,0.302001637096574,-3.90847840866382
"S362",2,"Abdomen",3,"Abdomen",2,"Abdomen",3,"Abdomen",0.305010504435401,-4.27367040846742,0.438095282937911,-3.90847840866382
"S363",2,"Abdomen",4,"Abdomen",2,"Abdomen",4,"Abdomen",0.422771266121649,-4.27367040846742,0.556248043938698,-3.90847840866382
"S364",2,"Abdomen",3,"Abdomen",2,"Abdomen",3,"Abdomen",0.375100890670257,-4.27367040846742,0.289165241404472,-3.90847840866382
"S365",2,"Abdomen",3,"Abdomen",2,"Abdomen",3,"Abdomen",0.292583249603583,-4.27367040846742,0.361954642950276,-3.90847840866382
"S366",2,"Abdomen",2,"Abdomen",2,"Abdomen",2,"Abdomen",0.366892399898129,-4.27367040846742,0.0468877736297317,-3.90847840866382
"S368",3,"Abdomen",4,"Abdomen",3,"Abdomen",4,"Abdomen",0.548310310771886,-4.27367040846742,0.716185276842886,-3.90847840866382
"S369",4,"Abdomen",2,"Abdomen",4,"Abdomen",2,"Abdomen",0.973891880003704,-4.27367040846742,-0.0415238991635494,-3.90847840866382
"S370",1,"Abdomen",1,"Abdomen",1,"Abdomen",1,"Abdomen",-0.00468659969765539,-4.27367040846742,-0.262683470784819,-3.90847840866382
"S371",1,"Abdomen",2,"Abdomen",1,"Abdomen",2,"Abdomen",-0.433017539280451,-4.27367040846742,0.104684855351314,-3.90847840866382
"S372",1,"Abdomen",1,"Abdomen",1,"Abdomen",1,"Abdomen",0.176004612383839,-4.27367040846742,-0.161529875671111,-3.90847840866382
"S373",1,"Abdomen",4,"Abdomen",1,"Abdomen",4,"Abdomen",-0.169286743215776,-4.27367040846742,0.553321224066818,-3.90847840866382
"S374",1,"Abdomen",1,"Abdomen",1,"Abdomen",1,"Abdomen",-0.509355121962209,-4.27367040846742,-2.04187934543356,-3.90847840866382
"S375",3,"Abdomen",1,"Abdomen",3,"Abdomen",1,"Abdomen",0.624241850901177,-4.27367040846742,-1.29668397945181,-3.90847840866382
"S376",1,"Abdomen",2,"Abdomen",1,"Abdomen",2,"Abdomen",-0.0199848480645514,-4.27367040846742,-0.056165074932129,-3.90847840866382
"S378",1,"Abdomen",1,"Abdomen",1,"Abdomen",1,"Abdomen",-0.303765181580902,-4.27367040846742,-0.526852028368132,-3.90847840866382
"S379",2,"Abdomen",5,"Abdomen",2,"Abdomen",5,"Abdomen",0.300195794474484,-4.27367040846742,0.83672113983841,-3.90847840866382
"S380",3,"Abdomen",5,"Abdomen",3,"Abdomen",5,"Abdomen",0.728948908711708,-4.27367040846742,1.86008820732316,-3.90847840866382
"S381",5,"Abdomen",3,"Abdomen",5,"Abdomen",3,"Abdomen",1.4743862895742,-4.27367040846742,0.395648819844608,-3.90847840866382
"S382",1,"Abdomen",1,"Abdomen",1,"Abdomen",1,"Abdomen",-0.315293457443494,-4.27367040846742,-1.14145809866512,-3.90847840866382
"S383",5,"Abdomen",1,"Abdomen",5,"Abdomen",1,"Abdomen",2.30871670975238,-4.27367040846742,-3.04459297041703,-3.90847840866382
"S390",1,"Abdomen",1,"Abdomen",1,"Abdomen",1,"Abdomen",-0.285236389877468,-4.27367040846742,-0.913886271426155,-3.90847840866382
"S398",1,"Abdomen",1,"Abdomen",1,"Abdomen",1,"Abdomen",0.0380902983051055,-4.27367040846742,-0.413837726929059,-3.90847840866382
"S399",1,"Abdomen",1,"Abdomen",1,"Abdomen",1,"Abdomen",0.147854449020337,-4.27367040846742,-0.32345629918235,-3.90847840866382
"S400",2,"Extremities",1,"Extremities",2,"Extremities",1,"Extremities",0.250181603208053,-4.27367040846742,-0.136679550316258,-3.90847840866382
"S402",1,"Extremities",1,"Extremities",1,"Extremities",1,"Extremities",-0.17102196644147,-4.27367040846742,-0.389858189371343,-3.90847840866382
"S408",1,"Extremities",1,"Extremities",1,"Extremities",1,"Extremities",0.117910098537486,-4.27367040846742,-0.194087817561519,-3.90847840866382
"S409",1,"Extremities",1,"Extremities",1,"Extremities",1,"Extremities",0.010799683140773,-4.27367040846742,-0.37625318400579,-3.90847840866382
"S410",2,"Extremities",1,"Extremities",2,"Extremities",1,"Extremities",0.310485805103096,-4.27367040846742,-0.751495214622032,-3.90847840866382
"S411",2,"Extremities",2,"Extremities",2,"Extremities",2,"Extremities",0.258232150417052,-4.27367040846742,-0.0319072668066699,-3.90847840866382
"S420",1,"Extremities",1,"Extremities",1,"Extremities",1,"Extremities",-0.14315539977843,-4.27367040846742,-0.348284918569525,-3.90847840866382
"S421",1,"Extremities",1,"Extremities",1,"Extremities",1,"Extremities",-0.212468739707179,-4.27367040846742,-0.196198582833163,-3.90847840866382
"S422",1,"Extremities",2,"Extremities",1,"Extremities",2,"Extremities",0.118783812729567,-4.27367040846742,0.141852428030769,-3.90847840866382
"S423",2,"Extremities",3,"Extremities",2,"Extremities",3,"Extremities",0.289438622448217,-4.27367040846742,0.174698029512173,-3.90847840866382
"S424",1,"Extremities",1,"Extremities",1,"Extremities",1,"Extremities",-0.558168739537137,-4.27367040846742,-0.348823880174311,-3.90847840866382
"S429",3,"Extremities",3,"Extremities",3,"Extremities",3,"Extremities",0.643757897098034,-4.27367040846742,0.49227231391267,-3.90847840866382
"S430",1,"Extremities",1,"Extremities",1,"Extremities",1,"Extremities",-0.103618190527369,-4.27367040846742,-0.415304899277423,-3.90847840866382
"S431",1,"Extremities",1,"Extremities",1,"Extremities",1,"Extremities",-0.858339252657721,-4.27367040846742,-1.4134385996436,-3.90847840866382
"S432",1,"Extremities",1,"Extremities",1,"Extremities",1,"Extremities",0.00154569121655993,-4.27367040846742,-0.52955886572534,-3.90847840866382
"S433",1,"Extremities",1,"Extremities",1,"Extremities",1,"Extremities",-0.0602385467764139,-4.27367040846742,-1.19332775427793,-3.90847840866382
"S434",1,"Extremities",1,"Extremities",1,"Extremities",1,"Extremities",-0.718654837545152,-4.27367040846742,-0.795773842119036,-3.90847840866382
"S435",1,"Extremities",1,"Extremities",1,"Extremities",1,"Extremities",-0.793926976262428,-4.27367040846742,-0.575244164973468,-3.90847840866382
"S436",3,"Extremities",1,"Extremities",3,"Extremities",1,"Extremities",0.580425147352831,-4.27367040846742,-1.36896953413477,-3.90847840866382
"S438",1,"Extremities",1,"Extremities",1,"Extremities",1,"Extremities",-0.157004352994982,-4.27367040846742,-1.23103540131002,-3.90847840866382
"S439",1,"Extremities",1,"Extremities",1,"Extremities",NA,NA,-0.0711808968901742,-4.27367040846742,NA,NA
"S440",1,"Extremities",1,"Extremities",1,"Extremities",1,"Extremities",-1.10608668844754,-4.27367040846742,-1.20782793319301,-3.90847840866382
"S441",1,"Extremities",1,"Extremities",1,"Extremities",1,"Extremities",-0.909249570233166,-4.27367040846742,-1.16437668581307,-3.90847840866382
"S442",1,"Extremities",1,"Extremities",1,"Extremities",1,"Extremities",-1.60796545640064,-4.27367040846742,-1.30039560815636,-3.90847840866382
"S443",3,"Extremities",1,"Extremities",3,"Extremities",1,"Extremities",0.674260118762889,-4.27367040846742,-1.33319042072039,-3.90847840866382
"S444",1,"Extremities",1,"Extremities",1,"Extremities",1,"Extremities",-0.91229075116653,-4.27367040846742,-0.332872031894728,-3.90847840866382
"S445",1,"Extremities",1,"Extremities",1,"Extremities",1,"Extremities",-0.823640836002354,-4.27367040846742,-0.621703335160078,-3.90847840866382
"S448",1,"Extremities",1,"Extremities",1,"Extremities",1,"Extremities",-1.54287155653639,-4.27367040846742,-0.868274642747625,-3.90847840866382
"S449",1,"Extremities",1,"Extremities",1,"Extremities",1,"Extremities",-1.19371270641125,-4.27367040846742,-1.4645533117303,-3.90847840866382
"S450",1,"Extremities",5,"Extremities",1,"Extremities",5,"Extremities",0.192727096921548,-4.27367040846742,1.10492206429778,-3.90847840866382
"S451",3,"Extremities",3,"Extremities",3,"Extremities",3,"Extremities",0.44517895913704,-4.27367040846742,0.262494805463584,-3.90847840866382
"S452",3,"Extremities",3,"Extremities",3,"Extremities",3,"Extremities",0.458097386865206,-4.27367040846742,0.420989410035084,-3.90847840866382
"S453",1,"Extremities",1,"Extremities",1,"Extremities",1,"Extremities",-1.20616060858745,-4.27367040846742,-1.33430693062455,-3.90847840866382
"S458",1,"Extremities",1,"Extremities",1,"Extremities",1,"Extremities",-0.135132928209662,-4.27367040846742,-1.43159538543028,-3.90847840866382
"S459",1,"Extremities",5,"Extremities",1,"Extremities",5,"Extremities",-0.257908832886214,-4.27367040846742,1.90854072598948,-3.90847840866382
"S460",1,"Extremities",1,"Extremities",1,"Extremities",1,"Extremities",-0.626240945866415,-4.27367040846742,-0.851905619015453,-3.90847840866382
"S461",1,"Extremities",1,"Extremities",1,"Extremities",1,"Extremities",-0.751150943500372,-4.27367040846742,-1.16813229812663,-3.90847840866382
"S462",1,"Extremities",1,"Extremities",1,"Extremities",1,"Extremities",-0.352952534350559,-4.27367040846742,-0.411686141324917,-3.90847840866382
"S463",1,"Extremities",1,"Extremities",1,"Extremities",1,"Extremities",-0.361720017208302,-4.27367040846742,-1.25272880869481,-3.90847840866382
"S468",1,"Extremities",2,"Extremities",1,"Extremities",2,"Extremities",-0.341356713963084,-4.27367040846742,0.127889402305887,-3.90847840866382
"S469",1,"Extremities",1,"Extremities",1,"Extremities",1,"Extremities",-0.537609184052949,-4.27367040846742,-0.835009036301338,-3.90847840866382
"S471",2,"Extremities",1,"Extremities",2,"Extremities",1,"Extremities",0.390164188030823,-4.27367040846742,-1.56801530412227,-3.90847840866382
"S472",1,"Extremities",5,"Extremities",1,"Extremities",5,"Extremities",-0.273066817843605,-4.27367040846742,1.24539167102737,-3.90847840866382
"S479",5,"Extremities",5,"Extremities",5,"Extremities",NA,NA,2.09773589461175,-4.27367040846742,NA,NA
"S480",5,"Extremities",1,"Extremities",5,"Extremities",1,"Extremities",2.25441504573588,-4.27367040846742,-3.09045147903783,-3.90847840866382
"S481",4,"Extremities",1,"Extremities",4,"Extremities",1,"Extremities",1.02567009976417,-4.27367040846742,-1.26537073368101,-3.90847840866382
"S489",5,"Extremities",1,"Extremities",5,"Extremities",1,"Extremities",1.30048847274918,-4.27367040846742,-1.00747781698411,-3.90847840866382
"S490",1,"Extremities",1,"Extremities",1,"Extremities",1,"Extremities",-1.27631840374232,-4.27367040846742,-1.633919630295,-3.90847840866382
"S491",1,"Extremities",1,"Extremities",1,"Extremities",1,"Extremities",-1.18891460623314,-4.27367040846742,-1.54891785386081,-3.90847840866382
"S498",4,"Extremities",1,"Extremities",4,"Extremities",1,"Extremities",1.14776834217391,-4.27367040846742,-1.22318339489741,-3.90847840866382
"S499",1,"Extremities",1,"Extremities",1,"Extremities",1,"Extremities",0.145544082028825,-4.27367040846742,-0.153567012964285,-3.90847840866382
"S500",1,"Extremities",1,"Extremities",1,"Extremities",1,"Extremities",0.0274405664830081,-4.27367040846742,-0.450768854061702,-3.90847840866382
"S501",3,"Extremities",3,"Extremities",3,"Extremities",3,"Extremities",0.519362661842096,-4.27367040846742,0.271856307162066,-3.90847840866382
"S503",1,"Extremities",1,"Extremities",1,"Extremities",1,"Extremities",-0.127846588548599,-4.27367040846742,-0.36767530488831,-3.90847840866382
"S508",1,"Extremities",1,"Extremities",1,"Extremities",1,"Extremities",0.0762577373016547,-4.27367040846742,-0.410627198996303,-3.90847840866382
"S509",2,"Extremities",3,"Extremities",2,"Extremities",3,"Extremities",0.378110554067876,-4.27367040846742,0.319224314894596,-3.90847840866382
"S510",1,"Extremities",1,"Extremities",1,"Extremities",1,"Extremities",0.196791705316584,-4.27367040846742,-0.282787528262095,-3.90847840866382
"S518",1,"Extremities",1,"Extremities",1,"Extremities",1,"Extremities",0.1771086991985,-4.27367040846742,-0.222218558903909,-3.90847840866382
"S520",1,"Extremities",1,"Extremities",1,"Extremities",1,"Extremities",-0.157758702806507,-4.27367040846742,-0.382867454550918,-3.90847840866382
"S521",1,"Extremities",1,"Extremities",1,"Extremities",1,"Extremities",-0.221439522533447,-4.27367040846742,-0.503203531841296,-3.90847840866382
"S522",1,"Extremities",1,"Extremities",1,"Extremities",1,"Extremities",-0.317662817509271,-4.27367040846742,-0.109033581483716,-3.90847840866382
"S523",1,"Extremities",1,"Extremities",1,"Extremities",1,"Extremities",-0.257260622429787,-4.27367040846742,-0.681922416409727,-3.90847840866382
"S525",1,"Extremities",1,"Extremities",1,"Extremities",1,"Extremities",-0.375934735235464,-4.27367040846742,-0.484417628079581,-3.90847840866382
"S526",1,"Extremities",1,"Extremities",1,"Extremities",1,"Extremities",-0.183448523675325,-4.27367040846742,-0.130305390377108,-3.90847840866382
"S529",4,"Extremities",3,"Extremities",4,"Extremities",3,"Extremities",0.96074886758628,-4.27367040846742,0.495897421902855,-3.90847840866382
"S530",1,"Extremities",1,"Extremities",1,"Extremities",1,"Extremities",-0.447662251790815,-4.27367040846742,-0.159952506865153,-3.90847840866382
"S531",1,"Extremities",1,"Extremities",1,"Extremities",1,"Extremities",-0.303514682443174,-4.27367040846742,-0.199327925363693,-3.90847840866382
"S532",1,"Extremities",1,"Extremities",1,"Extremities",1,"Extremities",-0.886542232490746,-4.27367040846742,-0.882036943394423,-3.90847840866382
"S533",1,"Extremities",1,"Extremities",1,"Extremities",1,"Extremities",-0.595212646637412,-4.27367040846742,-0.78661195388347,-3.90847840866382
"S534",1,"Extremities",1,"Extremities",1,"Extremities",1,"Extremities",-0.755939137492213,-4.27367040846742,-0.412887567071,-3.90847840866382
"S540",1,"Extremities",1,"Extremities",1,"Extremities",1,"Extremities",-0.726601086969983,-4.27367040846742,-1.01559335552963,-3.90847840866382
"S541",1,"Extremities",1,"Extremities",1,"Extremities",1,"Extremities",-0.764075071546139,-4.27367040846742,-0.795797978500935,-3.90847840866382
"S542",1,"Extremities",1,"Extremities",1,"Extremities",1,"Extremities",-1.02465263884404,-4.27367040846742,-1.12404556305685,-3.90847840866382
"S543",1,"Extremities",1,"Extremities",1,"Extremities",1,"Extremities",-0.772359493591207,-4.27367040846742,-0.777325981774758,-3.90847840866382
"S548",1,"Extremities",1,"Extremities",1,"Extremities",1,"Extremities",-0.935314690057944,-4.27367040846742,-0.604311038561065,-3.90847840866382
"S549",1,"Extremities",1,"Extremities",1,"Extremities",1,"Extremities",-1.27345656204552,-4.27367040846742,-1.04334071135197,-3.90847840866382
"S550",1,"Extremities",1,"Extremities",1,"Extremities",1,"Extremities",-0.824771106095501,-4.27367040846742,-0.854661749163445,-3.90847840866382
"S551",1,"Extremities",1,"Extremities",1,"Extremities",1,"Extremities",-0.516630983964163,-4.27367040846742,-0.139878521231263,-3.90847840866382
"S552",1,"Extremities",2,"Extremities",1,"Extremities",2,"Extremities",-0.04911668859674,-4.27367040846742,0.0274324963455094,-3.90847840866382
"S558",1,"Extremities",1,"Extremities",1,"Extremities",1,"Extremities",-0.491523904033378,-4.27367040846742,-1.09376931470763,-3.90847840866382
"S559",1,"Extremities",1,"Extremities",1,"Extremities",1,"Extremities",-0.301809769114228,-4.27367040846742,-1.17785213481661,-3.90847840866382
"S560",2,"Extremities",1,"Extremities",2,"Extremities",1,"Extremities",0.241283266207099,-4.27367040846742,-0.622087062947968,-3.90847840866382
"S561",1,"Extremities",1,"Extremities",1,"Extremities",1,"Extremities",-0.849393578891641,-4.27367040846742,-0.720043176127948,-3.90847840866382
"S562",1,"Extremities",1,"Extremities",1,"Extremities",1,"Extremities",-0.694619497088787,-4.27367040846742,-0.847322516265338,-3.90847840866382
"S563",1,"Extremities",1,"Extremities",1,"Extremities",1,"Extremities",-0.875671849171887,-4.27367040846742,-0.697738248191282,-3.90847840866382
"S564",1,"Extremities",1,"Extremities",1,"Extremities",1,"Extremities",-0.581128496454603,-4.27367040846742,-0.868328375041105,-3.90847840866382
"S565",1,"Extremities",1,"Extremities",1,"Extremities",1,"Extremities",-0.835848606497996,-4.27367040846742,-0.199774715098846,-3.90847840866382
"S568",1,"Extremities",1,"Extremities",1,"Extremities",1,"Extremities",-0.40708807801958,-4.27367040846742,-0.98538497118247,-3.90847840866382
"S569",1,"Extremities",1,"Extremities",1,"Extremities",1,"Extremities",0.0715415554258007,-4.27367040846742,-1.17558302527231,-3.90847840866382
"S570",1,"Extremities",1,"Extremities",1,"Extremities",1,"Extremities",0.121915090518976,-4.27367040846742,-0.79857501934137,-3.90847840866382
"S578",1,"Extremities",1,"Extremities",1,"Extremities",1,"Extremities",-0.0971431530991686,-4.27367040846742,-1.48558055797411,-3.90847840866382
"S580",4,"Extremities",1,"Extremities",4,"Extremities",1,"Extremities",1.17759572906433,-4.27367040846742,-1.29911654956957,-3.90847840866382
"S581",4,"Extremities",1,"Extremities",4,"Extremities",1,"Extremities",1.05128042160536,-4.27367040846742,-1.36543569787112,-3.90847840866382
"S589",4,"Extremities",5,"Extremities",4,"Extremities",5,"Extremities",0.993517963048095,-4.27367040846742,1.43022800218609,-3.90847840866382
"S590",1,"Extremities",2,"Extremities",1,"Extremities",2,"Extremities",-0.895575961755734,-4.27367040846742,0.146994625542971,-3.90847840866382
"S591",1,"Extremities",1,"Extremities",1,"Extremities",1,"Extremities",-1.92036154398881,-4.27367040846742,-1.11307629714904,-3.90847840866382
"S592",1,"Extremities",1,"Extremities",1,"Extremities",1,"Extremities",-0.730333195453665,-4.27367040846742,-0.371433334852382,-3.90847840866382
"S598",1,"Extremities",1,"Extremities",1,"Extremities",1,"Extremities",-0.405955710920905,-4.27367040846742,-1.29497577612811,-3.90847840866382
"S599",4,"Extremities",1,"Extremities",4,"Extremities",1,"Extremities",1.19650304751821,-4.27367040846742,-1.35942235755625,-3.90847840866382
"S600",1,"Extremities",1,"Extremities",1,"Extremities",1,"Extremities",0.064826875791621,-4.27367040846742,-0.772709722127275,-3.90847840866382
"S601",4,"Extremities",5,"Extremities",4,"Extremities",5,"Extremities",0.761196294679952,-4.27367040846742,0.858812712785219,-3.90847840866382
"S602",1,"Extremities",1,"Extremities",1,"Extremities",1,"Extremities",0.183866933782943,-4.27367040846742,-0.590928473874979,-3.90847840866382
"S603",1,"Extremities",1,"Extremities",1,"Extremities",1,"Extremities",0.0830233573521736,-4.27367040846742,-1.31543387788154,-3.90847840866382
"S604",1,"Extremities",1,"Extremities",1,"Extremities",1,"Extremities",0.128724863495141,-4.27367040846742,-0.761643213188631,-3.90847840866382
"S605",1,"Extremities",1,"Extremities",1,"Extremities",1,"Extremities",-0.0605436894864223,-4.27367040846742,-0.626382390593413,-3.90847840866382
"S608",1,"Extremities",1,"Extremities",1,"Extremities",1,"Extremities",0.00792391664573966,-4.27367040846742,-0.625049653228638,-3.90847840866382
"S609",1,"Extremities",1,"Extremities",1,"Extremities",1,"Extremities",-0.227365059226426,-4.27367040846742,-0.359749514060635,-3.90847840866382
"S610",1,"Extremities",1,"Extremities",1,"Extremities",1,"Extremities",-0.0659651354360681,-4.27367040846742,-0.899201145448229,-3.90847840866382
"S611",1,"Extremities",1,"Extremities",1,"Extremities",1,"Extremities",-0.985240180454329,-4.27367040846742,-1.1280586792814,-3.90847840866382
"S612",1,"Extremities",1,"Extremities",1,"Extremities",1,"Extremities",-0.208353460514733,-4.27367040846742,-0.532226516287169,-3.90847840866382
"S613",1,"Extremities",1,"Extremities",1,"Extremities",1,"Extremities",-0.372802509777564,-4.27367040846742,-0.975657900978459,-3.90847840866382
"S614",1,"Extremities",1,"Extremities",1,"Extremities",1,"Extremities",0.0366165243860884,-4.27367040846742,-0.290000010758764,-3.90847840866382
"S615",1,"Extremities",1,"Extremities",1,"Extremities",1,"Extremities",0.18302074690711,-4.27367040846742,-0.434871383730416,-3.90847840866382
"S61S",1,"Extremities",1,"Extremities",1,"Extremities",NA,NA,-0.664117993831785,-4.27367040846742,NA,NA
"S620",1,"Extremities",1,"Extremities",1,"Extremities",1,"Extremities",-0.710669623591311,-4.27367040846742,-0.4034003735323,-3.90847840866382
"S621",1,"Extremities",2,"Extremities",1,"Extremities",2,"Extremities",-0.431470858605389,-4.27367040846742,0.0372845679200748,-3.90847840866382
"S622",1,"Extremities",1,"Extremities",1,"Extremities",1,"Extremities",-0.543865342347775,-4.27367040846742,-0.750709238791732,-3.90847840866382
"S623",1,"Extremities",1,"Extremities",1,"Extremities",1,"Extremities",-0.364336486216472,-4.27367040846742,-0.530151045618075,-3.90847840866382
"S625",1,"Extremities",1,"Extremities",1,"Extremities",1,"Extremities",-0.422653473981086,-4.27367040846742,-0.747902287195044,-3.90847840866382
"S626",1,"Extremities",1,"Extremities",1,"Extremities",1,"Extremities",-0.480445714939497,-4.27367040846742,-0.604341675246867,-3.90847840866382
"S629",4,"Extremities",3,"Extremities",4,"Extremities",3,"Extremities",1.20977804411769,-4.27367040846742,0.201895501091629,-3.90847840866382
"S630",1,"Extremities",1,"Extremities",1,"Extremities",1,"Extremities",-0.199249397866323,-4.27367040846742,-1.38088936510434,-3.90847840866382
"S631",1,"Extremities",1,"Extremities",1,"Extremities",1,"Extremities",-1.15582368749972,-4.27367040846742,-1.31068740031334,-3.90847840866382
"S632",1,"Extremities",1,"Extremities",1,"Extremities",1,"Extremities",-0.329987319465151,-4.27367040846742,-0.712054946855821,-3.90847840866382
"S633",1,"Extremities",1,"Extremities",1,"Extremities",1,"Extremities",-1.24793073376779,-4.27367040846742,-1.08882042326973,-3.90847840866382
"S634",2,"Extremities",1,"Extremities",2,"Extremities",1,"Extremities",0.384255444218521,-4.27367040846742,-0.782969471051528,-3.90847840866382
"S635",1,"Extremities",1,"Extremities",1,"Extremities",1,"Extremities",-0.902580861132663,-4.27367040846742,-0.450268494267021,-3.90847840866382
"S636",1,"Extremities",1,"Extremities",1,"Extremities",1,"Extremities",-0.713031446377903,-4.27367040846742,-1.08006070250502,-3.90847840866382
"S638",1,"Extremities",1,"Extremities",1,"Extremities",1,"Extremities",-0.369493700621684,-4.27367040846742,-1.07325575296436,-3.90847840866382
"S639",1,"Extremities",1,"Extremities",1,"Extremities",1,"Extremities",-1.10748138670969,-4.27367040846742,-0.362414521990354,-3.90847840866382
"S640",1,"Extremities",1,"Extremities",1,"Extremities",1,"Extremities",-0.455741963828367,-4.27367040846742,-0.626097185530046,-3.90847840866382
"S641",1,"Extremities",1,"Extremities",1,"Extremities",1,"Extremities",-0.804580728633942,-4.27367040846742,-0.832842832071612,-3.90847840866382
"S642",1,"Extremities",1,"Extremities",1,"Extremities",1,"Extremities",-0.381438898748302,-4.27367040846742,-1.17552411754154,-3.90847840866382
"S643",1,"Extremities",1,"Extremities",1,"Extremities",1,"Extremities",-0.666836775644931,-4.27367040846742,-0.60528439988466,-3.90847840866382
"S644",1,"Extremities",1,"Extremities",1,"Extremities",1,"Extremities",-0.739691036299487,-4.27367040846742,-0.649435211682223,-3.90847840866382
"S648",1,"Extremities",1,"Extremities",1,"Extremities",1,"Extremities",-0.721425292214464,-4.27367040846742,-0.735204663952693,-3.90847840866382
"S649",1,"Extremities",1,"Extremities",1,"Extremities",1,"Extremities",-1.03736082974843,-4.27367040846742,-1.20656971190944,-3.90847840866382
"S650",1,"Extremities",1,"Extremities",1,"Extremities",1,"Extremities",-0.669901589771621,-4.27367040846742,-0.720007652026082,-3.90847840866382
"S651",1,"Extremities",4,"Extremities",1,"Extremities",4,"Extremities",-0.70758104402436,-4.27367040846742,0.645579817214455,-3.90847840866382
"S652",1,"Extremities",1,"Extremities",1,"Extremities",1,"Extremities",-0.939464487915633,-4.27367040846742,-0.720059811082547,-3.90847840866382
"S653",1,"Extremities",1,"Extremities",1,"Extremities",1,"Extremities",-0.789680892022753,-4.27367040846742,-0.48376500786235,-3.90847840866382
"S654",1,"Extremities",1,"Extremities",1,"Extremities",1,"Extremities",-0.657473105876503,-4.27367040846742,-0.560531930391812,-3.90847840866382
"S655",1,"Extremities",1,"Extremities",1,"Extremities",1,"Extremities",-0.407458690084281,-4.27367040846742,-0.50696336545747,-3.90847840866382
"S658",1,"Extremities",1,"Extremities",1,"Extremities",1,"Extremities",-0.36816541196821,-4.27367040846742,-0.764181842864594,-3.90847840866382
"S659",1,"Extremities",1,"Extremities",1,"Extremities",1,"Extremities",-1.01168261171642,-4.27367040846742,-0.589362289656268,-3.90847840866382
"S660",1,"Extremities",1,"Extremities",1,"Extremities",1,"Extremities",-0.784988861046365,-4.27367040846742,-0.502718693269266,-3.90847840866382
"S661",1,"Extremities",1,"Extremities",1,"Extremities",1,"Extremities",-0.680406831088703,-4.27367040846742,-0.751106377192034,-3.90847840866382
"S662",1,"Extremities",1,"Extremities",1,"Extremities",1,"Extremities",-1.02512732999752,-4.27367040846742,-0.731109338262708,-3.90847840866382
"S663",1,"Extremities",1,"Extremities",1,"Extremities",1,"Extremities",-0.74508469130148,-4.27367040846742,-0.897952715024004,-3.90847840866382
"S664",1,"Extremities",1,"Extremities",1,"Extremities",1,"Extremities",-0.858803110223196,-4.27367040846742,-0.503672509315281,-3.90847840866382
"S665",1,"Extremities",1,"Extremities",1,"Extremities",1,"Extremities",0.021538923747074,-4.27367040846742,-0.82930122417031,-3.90847840866382
"S668",1,"Extremities",1,"Extremities",1,"Extremities",1,"Extremities",-0.40405506163609,-4.27367040846742,-0.499045113722436,-3.90847840866382
"S669",1,"Extremities",1,"Extremities",1,"Extremities",1,"Extremities",-0.41658471091351,-4.27367040846742,-1.05929976230885,-3.90847840866382
"S670",1,"Extremities",1,"Extremities",1,"Extremities",1,"Extremities",-0.84163358332785,-4.27367040846742,-0.798557970484894,-3.90847840866382
"S671",1,"Extremities",1,"Extremities",1,"Extremities",1,"Extremities",-0.892034859690649,-4.27367040846742,-0.911926083918651,-3.90847840866382
"S672",1,"Extremities",3,"Extremities",1,"Extremities",3,"Extremities",-0.633738578972474,-4.27367040846742,0.179753492761658,-3.90847840866382
"S673",1,"Extremities",1,"Extremities",1,"Extremities",1,"Extremities",-0.959652239955849,-4.27367040846742,-0.885745980331059,-3.90847840866382
"S674",1,"Extremities",1,"Extremities",1,"Extremities",1,"Extremities",-0.72751517223947,-4.27367040846742,-0.855878601501381,-3.90847840866382
"S679",1,"Extremities",1,"Extremities",1,"Extremities",1,"Extremities",-0.783536824223682,-4.27367040846742,-1.08616525541256,-3.90847840866382
"S680",1,"Extremities",1,"Extremities",1,"Extremities",1,"Extremities",-0.913799257368016,-4.27367040846742,-0.964955912548965,-3.90847840866382
"S681",1,"Extremities",1,"Extremities",1,"Extremities",1,"Extremities",-0.560755742154955,-4.27367040846742,-0.769249113623708,-3.90847840866382
"S684",3,"Extremities",1,"Extremities",3,"Extremities",1,"Extremities",0.729034388510427,-4.27367040846742,-1.0679970500098,-3.90847840866382
"S685",1,"Extremities",1,"Extremities",1,"Extremities",1,"Extremities",-0.654919659044363,-4.27367040846742,-1.03842041780459,-3.90847840866382
"S686",1,"Extremities",1,"Extremities",1,"Extremities",1,"Extremities",-0.732665041294499,-4.27367040846742,-0.552263995483399,-3.90847840866382
"S687",4,"Extremities",1,"Extremities",4,"Extremities",1,"Extremities",0.847936202150109,-4.27367040846742,-1.06537044350977,-3.90847840866382
"S698",3,"Extremities",1,"Extremities",3,"Extremities",1,"Extremities",0.654547502775416,-4.27367040846742,-0.342020691795935,-3.90847840866382
"S699",2,"Extremities",1,"Extremities",2,"Extremities",1,"Extremities",0.296902895201497,-4.27367040846742,-0.875121222596274,-3.90847840866382
"S700",1,"Extremities",2,"Extremities",1,"Extremities",2,"Extremities",0.0126722726736633,-4.27367040846742,-0.0510927393164528,-3.90847840866382
"S701",1,"Extremities",1,"Extremities",1,"Extremities",1,"Extremities",0.219951008047164,-4.27367040846742,-0.406120059169617,-3.90847840866382
"S702",1,"Extremities",2,"Extremities",1,"Extremities",2,"Extremities",-0.0406403976000169,-4.27367040846742,0.112131040425186,-3.90847840866382
"S703",1,"Extremities",1,"Extremities",1,"Extremities",1,"Extremities",-0.018037171070618,-4.27367040846742,-0.692090338579272,-3.90847840866382
"S709",3,"Extremities",1,"Extremities",3,"Extremities",1,"Extremities",0.664893355156895,-4.27367040846742,-1.77104029990116,-3.90847840866382
"S710",2,"Extremities",3,"Extremities",2,"Extremities",3,"Extremities",0.41052202782528,-4.27367040846742,0.32537536237645,-3.90847840866382
"S711",1,"Extremities",1,"Extremities",1,"Extremities",1,"Extremities",0.170476806919667,-4.27367040846742,-0.173450885961905,-3.90847840866382
"S720",2,"Extremities",2,"Extremities",2,"Extremities",2,"Extremities",0.326446717640502,-4.27367040846742,0.0661670099898962,-3.90847840866382
"S721",3,"Extremities",3,"Extremities",3,"Extremities",3,"Extremities",0.433460909073768,-4.27367040846742,0.1729412429957,-3.90847840866382
"S722",1,"Extremities",3,"Extremities",1,"Extremities",3,"Extremities",-0.0711109659348811,-4.27367040846742,0.168447824979902,-3.90847840866382
"S723",1,"Extremities",2,"Extremities",1,"Extremities",2,"Extremities",-0.0334218671391779,-4.27367040846742,0.0101933393621441,-3.90847840866382
"S724",2,"Extremities",3,"Extremities",2,"Extremities",3,"Extremities",0.252051829118647,-4.27367040846742,0.228180850935653,-3.90847840866382
"S728",3,"Extremities",1,"Extremities",3,"Extremities",1,"Extremities",0.623492019387074,-4.27367040846742,-0.318675827616429,-3.90847840866382
"S729",5,"Extremities",5,"Extremities",5,"Extremities",5,"Extremities",1.62282502063515,-4.27367040846742,1.02600221555491,-3.90847840866382
"S730",1,"Extremities",1,"Extremities",1,"Extremities",1,"Extremities",-0.294630575829472,-4.27367040846742,-0.215299709919659,-3.90847840866382
"S731",1,"Extremities",1,"Extremities",1,"Extremities",1,"Extremities",-0.626811608697658,-4.27367040846742,-1.25225896102555,-3.90847840866382
"S740",1,"Extremities",1,"Extremities",1,"Extremities",1,"Extremities",-1.26733305363078,-4.27367040846742,-0.662604104060569,-3.90847840866382
"S741",1,"Extremities",1,"Extremities",1,"Extremities",1,"Extremities",-0.235467556456105,-4.27367040846742,-1.75010881071845,-3.90847840866382
"S742",1,"Extremities",1,"Extremities",1,"Extremities",1,"Extremities",-1.35541246936058,-4.27367040846742,-0.833255030060173,-3.90847840866382
"S748",1,"Extremities",1,"Extremities",1,"Extremities",1,"Extremities",-1.39076344538923,-4.27367040846742,-1.64501964146709,-3.90847840866382
"S749",1,"Extremities",1,"Extremities",1,"Extremities",1,"Extremities",-1.77642144292174,-4.27367040846742,-3.26202704846405,-3.90847840866382
"S750",4,"Extremities",5,"Extremities",4,"Extremities",5,"Extremities",0.776893842910062,-4.27367040846742,0.827576879333208,-3.90847840866382
"S751",3,"Extremities",5,"Extremities",3,"Extremities",5,"Extremities",0.725299318646572,-4.27367040846742,0.906481785627597,-3.90847840866382
"S752",1,"Extremities",5,"Extremities",1,"Extremities",5,"Extremities",0.163693887074959,-4.27367040846742,2.94313023520369,-3.90847840866382
"S758",3,"Extremities",1,"Extremities",3,"Extremities",1,"Extremities",0.63854656018818,-4.27367040846742,-1.88227461804544,-3.90847840866382
"S759",4,"Extremities",1,"Extremities",4,"Extremities",1,"Extremities",1.03758498822345,-4.27367040846742,-1.18768839720552,-3.90847840866382
"S760",1,"Extremities",1,"Extremities",1,"Extremities",1,"Extremities",-0.0175395624867986,-4.27367040846742,-1.26345218925335,-3.90847840866382
"S761",1,"Extremities",1,"Extremities",1,"Extremities",1,"Extremities",-0.498137767573991,-4.27367040846742,-0.656018290494108,-3.90847840866382
"S762",1,"Extremities",1,"Extremities",1,"Extremities",1,"Extremities",0.0780439693675601,-4.27367040846742,-0.217577055689488,-3.90847840866382
"S763",1,"Extremities",1,"Extremities",1,"Extremities",1,"Extremities",-1.78578515871352,-4.27367040846742,-1.18339977121916,-3.90847840866382
"S768",1,"Extremities",1,"Extremities",1,"Extremities",1,"Extremities",0.0659331737712387,-4.27367040846742,-1.35413049571985,-3.90847840866382
"S769",1,"Extremities",1,"Extremities",1,"Extremities",1,"Extremities",0.125950870432421,-4.27367040846742,-1.18479907629914,-3.90847840866382
"S770",5,"Extremities",5,"Extremities",5,"Extremities",NA,NA,1.41860629475499,-4.27367040846742,NA,NA
"S771",4,"Extremities",1,"Extremities",4,"Extremities",1,"Extremities",0.943841331715972,-4.27367040846742,-0.183245678412741,-3.90847840866382
"S772",4,"Extremities",1,"Extremities",4,"Extremities",1,"Extremities",0.999542057002891,-4.27367040846742,-1.32073569020506,-3.90847840866382
"S780",5,"Extremities",1,"Extremities",5,"Extremities",1,"Extremities",2.35223906246644,-4.27367040846742,-1.40139532974651,-3.90847840866382
"S781",3,"Extremities",1,"Extremities",3,"Extremities",1,"Extremities",0.572137685916745,-4.27367040846742,-0.967695614636525,-3.90847840866382
"S789",5,"Extremities",5,"Extremities",5,"Extremities",NA,NA,3.31128572661402,-4.27367040846742,NA,NA
"S790",1,"Extremities",1,"Extremities",1,"Extremities",1,"Extremities",-1.0140690442318,-4.27367040846742,-1.37492117552516,-3.90847840866382
"S791",1,"Extremities",2,"Extremities",1,"Extremities",2,"Extremities",-0.846260659189991,-4.27367040846742,-0.0591037334937322,-3.90847840866382
"S798",3,"Extremities",1,"Extremities",3,"Extremities",1,"Extremities",0.634212926067743,-4.27367040846742,-1.28666240776336,-3.90847840866382
"S799",2,"Extremities",1,"Extremities",2,"Extremities",1,"Extremities",0.275577025698689,-4.27367040846742,-0.813295162818542,-3.90847840866382
"S800",1,"Extremities",1,"Extremities",1,"Extremities",1,"Extremities",0.0692541054902744,-4.27367040846742,-0.451292241860838,-3.90847840866382
"S801",1,"Extremities",2,"Extremities",1,"Extremities",2,"Extremities",0.224307796078718,-4.27367040846742,-0.00839412868450821,-3.90847840866382
"S802",1,"Extremities",1,"Extremities",1,"Extremities",1,"Extremities",-0.075564965683459,-4.27367040846742,-0.35787265157052,-3.90847840866382
"S808",1,"Extremities",1,"Extremities",1,"Extremities",1,"Extremities",-0.00245758991362275,-4.27367040846742,-0.217015107499116,-3.90847840866382
"S809",3,"Extremities",1,"Extremities",3,"Extremities",1,"Extremities",0.497653596948113,-4.27367040846742,-0.418302562613034,-3.90847840866382
"S810",1,"Extremities",1,"Extremities",1,"Extremities",1,"Extremities",0.0220539523683365,-4.27367040846742,-0.41148370944073,-3.90847840866382
"S818",1,"Extremities",2,"Extremities",1,"Extremities",2,"Extremities",0.141121086706402,-4.27367040846742,-0.0438326486293085,-3.90847840866382
"S820",1,"Extremities",1,"Extremities",1,"Extremities",1,"Extremities",-0.149439450294564,-4.27367040846742,-0.477151923968099,-3.90847840866382
"S821",1,"Extremities",1,"Extremities",1,"Extremities",1,"Extremities",-0.162113772528613,-4.27367040846742,-0.170229679966998,-3.90847840866382
"S822",1,"Extremities",1,"Extremities",1,"Extremities",1,"Extremities",0.047940516644808,-4.27367040846742,-0.101294651256698,-3.90847840866382
"S823",1,"Extremities",1,"Extremities",1,"Extremities",1,"Extremities",0.0322670357279414,-4.27367040846742,-0.299359631058493,-3.90847840866382
"S824",1,"Extremities",1,"Extremities",1,"Extremities",1,"Extremities",-0.120279327645496,-4.27367040846742,-0.0841008873575361,-3.90847840866382
"S825",1,"Extremities",1,"Extremities",1,"Extremities",1,"Extremities",-0.352535732459174,-4.27367040846742,-0.349831679956276,-3.90847840866382
"S826",1,"Extremities",1,"Extremities",1,"Extremities",1,"Extremities",-0.371791084655141,-4.27367040846742,-0.729564879871825,-3.90847840866382
"S828",1,"Extremities",1,"Extremities",1,"Extremities",1,"Extremities",-0.18732682729011,-4.27367040846742,-0.520167261342988,-3.90847840866382
"S829",5,"Extremities",5,"Extremities",5,"Extremities",5,"Extremities",2.51434226110961,-4.27367040846742,1.10334943810912,-3.90847840866382
"S830",1,"Extremities",1,"Extremities",1,"Extremities",1,"Extremities",-0.18143983526026,-4.27367040846742,-0.375573844802493,-3.90847840866382
"S831",1,"Extremities",1,"Extremities",1,"Extremities",1,"Extremities",-0.0973896379661533,-4.27367040846742,-0.208619714475724,-3.90847840866382
"S832",1,"Extremities",1,"Extremities",1,"Extremities",1,"Extremities",-1.05828065393964,-4.27367040846742,-0.927816037508258,-3.90847840866382
"S833",1,"Extremities",1,"Extremities",1,"Extremities",1,"Extremities",-0.517633437186246,-4.27367040846742,-1.00024866348305,-3.90847840866382
"S834",1,"Extremities",1,"Extremities",1,"Extremities",1,"Extremities",-0.543545514749925,-4.27367040846742,-0.983478075577782,-3.90847840866382
"S835",1,"Extremities",1,"Extremities",1,"Extremities",1,"Extremities",-0.691993824412687,-4.27367040846742,-0.696482650005818,-3.90847840866382
"S836",1,"Extremities",1,"Extremities",1,"Extremities",1,"Extremities",-1.87270028551604,-4.27367040846742,-1.16223361584427,-3.90847840866382
"S838",1,"Extremities",2,"Extremities",1,"Extremities",2,"Extremities",-0.53613536092946,-4.27367040846742,0.00508487584120479,-3.90847840866382
"S839",1,"Extremities",1,"Extremities",1,"Extremities",1,"Extremities",-0.613953732606677,-4.27367040846742,-0.799007236614892,-3.90847840866382
"S840",1,"Extremities",1,"Extremities",1,"Extremities",1,"Extremities",-0.226681297447151,-4.27367040846742,-0.965212626499215,-3.90847840866382
"S841",1,"Extremities",2,"Extremities",1,"Extremities",2,"Extremities",-0.860615189567141,-4.27367040846742,-0.0767102190875931,-3.90847840866382
"S842",1,"Extremities",1,"Extremities",1,"Extremities",1,"Extremities",-0.787365450378503,-4.27367040846742,-0.891438484436473,-3.90847840866382
"S848",2,"Extremities",1,"Extremities",2,"Extremities",1,"Extremities",0.247749952269529,-4.27367040846742,-1.07895588032641,-3.90847840866382
"S849",1,"Extremities",1,"Extremities",1,"Extremities",1,"Extremities",-2.10118598017357,-4.27367040846742,-1.31025999468383,-3.90847840866382
"S850",1,"Extremities",3,"Extremities",1,"Extremities",3,"Extremities",0.134516592806247,-4.27367040846742,0.344325174257353,-3.90847840866382
"S851",3,"Extremities",1,"Extremities",3,"Extremities",1,"Extremities",0.449308696962559,-4.27367040846742,-0.482751424732331,-3.90847840866382
"S852",1,"Extremities",5,"Extremities",1,"Extremities",5,"Extremities",-0.467276369948842,-4.27367040846742,1.21726328963272,-3.90847840866382
"S853",1,"Extremities",2,"Extremities",1,"Extremities",2,"Extremities",-0.609070951151937,-4.27367040846742,0.075114452227801,-3.90847840866382
"S854",1,"Extremities",1,"Extremities",1,"Extremities",1,"Extremities",-0.850579320511297,-4.27367040846742,-1.21324681711763,-3.90847840866382
"S855",1,"Extremities",1,"Extremities",1,"Extremities",1,"Extremities",-0.107171800369558,-4.27367040846742,-1.56894065510857,-3.90847840866382
"S858",1,"Extremities",4,"Extremities",1,"Extremities",4,"Extremities",-0.0471717198145154,-4.27367040846742,0.706819306278126,-3.90847840866382
"S859",3,"Extremities",5,"Extremities",3,"Extremities",5,"Extremities",0.713266994412443,-4.27367040846742,0.841897601518684,-3.90847840866382
"S860",1,"Extremities",1,"Extremities",1,"Extremities",1,"Extremities",-0.156788462383421,-4.27367040846742,-0.125219034518069,-3.90847840866382
"S861",1,"Extremities",1,"Extremities",1,"Extremities",1,"Extremities",-0.441921622076634,-4.27367040846742,-1.15093869655486,-3.90847840866382
"S862",1,"Extremities",1,"Extremities",1,"Extremities",1,"Extremities",-0.297779007920196,-4.27367040846742,-1.06319683380659,-3.90847840866382
"S863",1,"Extremities",1,"Extremities",1,"Extremities",1,"Extremities",0.152938676446241,-4.27367040846742,-1.01674574733653,-3.90847840866382
"S868",1,"Extremities",1,"Extremities",1,"Extremities",1,"Extremities",-0.700571441932611,-4.27367040846742,-1.20019864289916,-3.90847840866382
"S869",1,"Extremities",1,"Extremities",1,"Extremities",1,"Extremities",-0.0656449354050706,-4.27367040846742,-1.2361172665557,-3.90847840866382
"S870",2,"Extremities",1,"Extremities",2,"Extremities",1,"Extremities",0.344496433407777,-4.27367040846742,-1.2081237922568,-3.90847840866382
"S878",3,"Extremities",1,"Extremities",3,"Extremities",1,"Extremities",0.460815148065688,-4.27367040846742,-0.191688327030655,-3.90847840866382
"S880",4,"Extremities",5,"Extremities",4,"Extremities",5,"Extremities",0.91603477123499,-4.27367040846742,1.91696070234814,-3.90847840866382
"S881",4,"Extremities",5,"Extremities",4,"Extremities",5,"Extremities",0.978369743529,-4.27367040846742,1.06352700482391,-3.90847840866382
"S889",4,"Extremities",5,"Extremities",4,"Extremities",5,"Extremities",1.19889206256037,-4.27367040846742,2.93806027713949,-3.90847840866382
"S890",1,"Extremities",1,"Extremities",1,"Extremities",1,"Extremities",-0.811553511464787,-4.27367040846742,-0.304370728756641,-3.90847840866382
"S891",1,"Extremities",1,"Extremities",1,"Extremities",1,"Extremities",-1.07315702438182,-4.27367040846742,-0.530058938650122,-3.90847840866382
"S892",3,"Extremities",2,"Extremities",3,"Extremities",2,"Extremities",0.598048082941859,-4.27367040846742,0.0185378903407741,-3.90847840866382
"S893",1,"Extremities",1,"Extremities",1,"Extremities",1,"Extremities",0.0363427258118657,-4.27367040846742,-1.08731094691401,-3.90847840866382
"S898",1,"Extremities",1,"Extremities",1,"Extremities",1,"Extremities",-0.27147440390685,-4.27367040846742,-0.296370101410498,-3.90847840866382
"S899",1,"Extremities",2,"Extremities",1,"Extremities",2,"Extremities",0.0798068103674673,-4.27367040846742,0.0152182330994605,-3.90847840866382
"S900",1,"Extremities",1,"Extremities",1,"Extremities",1,"Extremities",-0.127399173433908,-4.27367040846742,-0.733623444881168,-3.90847840866382
"S901",1,"Extremities",2,"Extremities",1,"Extremities",2,"Extremities",-0.0112489915680428,-4.27367040846742,-0.0387366128796368,-3.90847840866382
"S902",1,"Extremities",1,"Extremities",1,"Extremities",1,"Extremities",-1.35280192934843,-4.27367040846742,-1.37473124217626,-3.90847840866382
"S903",1,"Extremities",1,"Extremities",1,"Extremities",1,"Extremities",0.228864439489632,-4.27367040846742,-0.221070160824449,-3.90847840866382
"S904",1,"Extremities",1,"Extremities",1,"Extremities",1,"Extremities",0.081312748956142,-4.27367040846742,-0.481195325444794,-3.90847840866382
"S905",1,"Extremities",1,"Extremities",1,"Extremities",1,"Extremities",0.00579464081129301,-4.27367040846742,-0.509242009620368,-3.90847840866382
"S908",1,"Extremities",1,"Extremities",1,"Extremities",1,"Extremities",-0.0250005480253532,-4.27367040846742,-0.237097618531285,-3.90847840866382
"S909",3,"Extremities",1,"Extremities",3,"Extremities",1,"Extremities",0.66863621324789,-4.27367040846742,-1.27258225304722,-3.90847840866382
"S910",1,"Extremities",1,"Extremities",1,"Extremities",1,"Extremities",0.0323561136524821,-4.27367040846742,-0.285166008109551,-3.90847840866382
"S911",1,"Extremities",1,"Extremities",1,"Extremities",1,"Extremities",-0.151825884576181,-4.27367040846742,-0.635714649313527,-3.90847840866382
"S912",1,"Extremities",2,"Extremities",1,"Extremities",2,"Extremities",0.0898212813487525,-4.27367040846742,-0.0309115835238923,-3.90847840866382
"S913",1,"Extremities",1,"Extremities",1,"Extremities",1,"Extremities",0.112801029868077,-4.27367040846742,-0.566800616159057,-3.90847840866382
"S920",1,"Extremities",1,"Extremities",1,"Extremities",1,"Extremities",-0.385714154912335,-4.27367040846742,-0.346116963246535,-3.90847840866382
"S921",1,"Extremities",1,"Extremities",1,"Extremities",1,"Extremities",-0.299233516564721,-4.27367040846742,-0.653618061320363,-3.90847840866382
"S922",1,"Extremities",1,"Extremities",1,"Extremities",1,"Extremities",-0.409130588390962,-4.27367040846742,-0.370763042619165,-3.90847840866382
"S923",1,"Extremities",1,"Extremities",1,"Extremities",1,"Extremities",-0.442832740080484,-4.27367040846742,-0.386934875144685,-3.90847840866382
"S924",1,"Extremities",1,"Extremities",1,"Extremities",1,"Extremities",-0.391870529309727,-4.27367040846742,-0.374426431479272,-3.90847840866382
"S925",1,"Extremities",1,"Extremities",1,"Extremities",1,"Extremities",-0.51752313405809,-4.27367040846742,-0.106367011174876,-3.90847840866382
"S928",1,"Extremities",1,"Extremities",1,"Extremities",1,"Extremities",-0.138869960523488,-4.27367040846742,-1.16095808794062,-3.90847840866382
"S929",1,"Extremities",1,"Extremities",1,"Extremities",1,"Extremities",0.163844116114871,-4.27367040846742,-0.592508569795004,-3.90847840866382
"S930",1,"Extremities",2,"Extremities",1,"Extremities",2,"Extremities",-0.219978462843223,-4.27367040846742,0.125142929415711,-3.90847840866382
"S931",1,"Extremities",1,"Extremities",1,"Extremities",1,"Extremities",-0.617501525337417,-4.27367040846742,-0.719783045537048,-3.90847840866382
"S933",1,"Extremities",1,"Extremities",1,"Extremities",1,"Extremities",-0.275203243050994,-4.27367040846742,-0.603382187096209,-3.90847840866382
"S934",1,"Extremities",1,"Extremities",1,"Extremities",1,"Extremities",-1.00265404369919,-4.27367040846742,-0.938350438246121,-3.90847840866382
"S935",1,"Extremities",1,"Extremities",1,"Extremities",1,"Extremities",-1.42909542791093,-4.27367040846742,-1.11138128411486,-3.90847840866382
"S936",1,"Extremities",1,"Extremities",1,"Extremities",1,"Extremities",-1.54840682688083,-4.27367040846742,-0.504948816608103,-3.90847840866382
"S940",1,"Extremities",1,"Extremities",1,"Extremities",1,"Extremities",-0.944744514259484,-4.27367040846742,-0.40982533533395,-3.90847840866382
"S941",1,"Extremities",1,"Extremities",1,"Extremities",1,"Extremities",-0.658279386757957,-4.27367040846742,-0.611983170325498,-3.90847840866382
"S942",1,"Extremities",1,"Extremities",1,"Extremities",1,"Extremities",-1.50338322740954,-4.27367040846742,-1.43589695886563,-3.90847840866382
"S943",1,"Extremities",1,"Extremities",1,"Extremities",NA,NA,-0.713900107829848,-4.27367040846742,NA,NA
"S948",1,"Extremities",1,"Extremities",1,"Extremities",1,"Extremities",-1.03081797452547,-4.27367040846742,-1.14257568477872,-3.90847840866382
"S949",1,"Extremities",1,"Extremities",1,"Extremities",1,"Extremities",-1.0455364478975,-4.27367040846742,-0.858754888339198,-3.90847840866382
"S950",3,"Extremities",5,"Extremities",3,"Extremities",5,"Extremities",0.71443849558658,-4.27367040846742,1.34896579742423,-3.90847840866382
"S951",5,"Extremities",1,"Extremities",5,"Extremities",1,"Extremities",1.6829980299278,-4.27367040846742,-0.409686642047833,-3.90847840866382
"S952",1,"Extremities",1,"Extremities",1,"Extremities",1,"Extremities",-1.14600861986408,-4.27367040846742,-0.681960656306092,-3.90847840866382
"S958",5,"Extremities",1,"Extremities",5,"Extremities",1,"Extremities",2.04302942634216,-4.27367040846742,-0.857720579363031,-3.90847840866382
"S959",1,"Extremities",1,"Extremities",1,"Extremities",1,"Extremities",-0.911588837197414,-4.27367040846742,-1.25834482166256,-3.90847840866382
"S960",1,"Extremities",1,"Extremities",1,"Extremities",1,"Extremities",-0.951359921605526,-4.27367040846742,-0.881836652986199,-3.90847840866382
"S961",1,"Extremities",2,"Extremities",1,"Extremities",2,"Extremities",-0.750232272138886,-4.27367040846742,-0.0375875202742298,-3.90847840866382
"S962",1,"Extremities",1,"Extremities",1,"Extremities",1,"Extremities",-1.10831402545471,-4.27367040846742,-0.800685847968217,-3.90847840866382
"S968",1,"Extremities",1,"Extremities",1,"Extremities",1,"Extremities",-1.11705412084153,-4.27367040846742,-1.02579156398834,-3.90847840866382
"S969",1,"Extremities",1,"Extremities",1,"Extremities",1,"Extremities",-0.6241765379723,-4.27367040846742,-1.12974615027353,-3.90847840866382
"S970",1,"Extremities",3,"Extremities",1,"Extremities",3,"Extremities",-1.24572416722876,-4.27367040846742,0.203875218148461,-3.90847840866382
"S971",1,"Extremities",1,"Extremities",1,"Extremities",1,"Extremities",0.21237125693122,-4.27367040846742,-1.03700764109942,-3.90847840866382
"S978",1,"Extremities",1,"Extremities",1,"Extremities",1,"Extremities",-0.664180722501619,-4.27367040846742,-0.410113143753494,-3.90847840866382
"S980",4,"Extremities",4,"Extremities",4,"Extremities",4,"Extremities",0.987307116166431,-4.27367040846742,0.682328977678848,-3.90847840866382
"S981",1,"Extremities",1,"Extremities",1,"Extremities",1,"Extremities",-0.35944051230422,-4.27367040846742,-1.17000672547864,-3.90847840866382
"S982",1,"Extremities",3,"Extremities",1,"Extremities",3,"Extremities",-1.14437849321021,-4.27367040846742,0.259245367879014,-3.90847840866382
"S983",1,"Extremities",3,"Extremities",1,"Extremities",3,"Extremities",-1.45036814194772,-4.27367040846742,0.472584555246954,-3.90847840866382
"S989",5,"Extremities",1,"Extremities",5,"Extremities",1,"Extremities",1.43190455391844,-4.27367040846742,-1.94704056130622,-3.90847840866382
"S990",1,"Extremities",1,"Extremities",1,"Extremities",1,"Extremities",0.0947039832517951,-4.27367040846742,-0.88221564341915,-3.90847840866382
"S991",1,"Extremities",1,"Extremities",1,"Extremities",1,"Extremities",-1.09386599968476,-4.27367040846742,-1.06012665095341,-3.90847840866382
"S992",1,"Extremities",1,"Extremities",1,"Extremities",1,"Extremities",-1.30310223702684,-4.27367040846742,-1.04136129340558,-3.90847840866382
"S998",1,"Extremities",1,"Extremities",1,"Extremities",1,"Extremities",-0.107172013705384,-4.27367040846742,-1.19521767187326,-3.90847840866382
"S999",1,"Extremities",1,"Extremities",1,"Extremities",1,"Extremities",-0.118846823019433,-4.27367040846742,-0.72743463520169,-3.90847840866382
"T07",1,"General",1,"General",1,"General",NA,NA,0.204158373036919,-4.27367040846742,NA,NA
"T07X",3,"General",3,"General",3,"General",NA,NA,0.711767102807056,-4.27367040846742,NA,NA
"T148",1,"General",2,"General",1,"General",2,"General",0.233042322558152,-4.27367040846742,0.1107231241844,-3.90847840866382
"T149",4,"General",2,"General",4,"General",2,"General",0.801870238882482,-4.27367040846742,0.0308971568789541,-3.90847840866382
"T200",1,"General",5,"General",1,"General",5,"General",-0.138010214112987,-4.27367040846742,0.933757954108083,-3.90847840866382
"T201",1,"General",4,"General",1,"General",4,"General",-0.198749033700599,-4.27367040846742,0.733558355706488,-3.90847840866382
"T202",1,"General",3,"General",1,"General",3,"General",0.0671136778289923,-4.27367040846742,0.327392649003271,-3.90847840866382
"T203",3,"General",5,"General",3,"General",5,"General",0.567588147084314,-4.27367040846742,1.70473912009864,-3.90847840866382
"T204",1,"General",1,"General",1,"General",1,"General",-1.19209961461482,-4.27367040846742,-2.2108576864971,-3.90847840866382
"T205",3,"General",1,"General",3,"General",1,"General",0.495776458788031,-4.27367040846742,-0.788124033386613,-3.90847840866382
"T206",1,"General",1,"General",1,"General",1,"General",-0.916613252703859,-4.27367040846742,-1.13430717263886,-3.90847840866382
"T207",1,"General",1,"General",1,"General",NA,NA,-0.917839512025158,-4.27367040846742,NA,NA
"T210",1,"General",5,"General",1,"General",5,"General",-0.0172543533804704,-4.27367040846742,1.15013521474321,-3.90847840866382
"T211",1,"General",3,"General",1,"General",3,"General",-0.358104931296174,-4.27367040846742,0.436615627896737,-3.90847840866382
"T212",1,"General",1,"General",1,"General",1,"General",-0.0987983936937084,-4.27367040846742,-0.388153077795458,-3.90847840866382
"T213",3,"General",4,"General",3,"General",4,"General",0.510939796502804,-4.27367040846742,0.583952037690627,-3.90847840866382
"T214",1,"General",5,"General",1,"General",5,"General",-1.09139740746603,-4.27367040846742,2.89534598471245,-3.90847840866382
"T215",2,"General",1,"General",2,"General",1,"General",0.420129094291256,-4.27367040846742,-1.30736883192119,-3.90847840866382
"T216",1,"General",1,"General",1,"General",1,"General",-0.872550159331476,-4.27367040846742,-0.967251153945114,-3.90847840866382
"T217",1,"General",1,"General",1,"General",1,"General",-1.03189951282995,-4.27367040846742,-1.62505991951607,-3.90847840866382
"T220",2,"General",1,"General",2,"General",1,"General",0.27753660994177,-4.27367040846742,-0.104240798426262,-3.90847840866382
"T221",1,"General",1,"General",1,"General",1,"General",-0.339221856146316,-4.27367040846742,-2.60448325859916,-3.90847840866382
"T222",1,"General",1,"General",1,"General",1,"General",-0.168078238143844,-4.27367040846742,-0.673668703003562,-3.90847840866382
"T223",1,"General",1,"General",1,"General",1,"General",0.135200502145715,-4.27367040846742,-0.854123973083436,-3.90847840866382
"T224",1,"General",1,"General",1,"General",1,"General",-0.845666137038984,-4.27367040846742,-1.34905864016287,-3.90847840866382
"T225",1,"General",1,"General",1,"General",1,"General",-0.950272359863159,-4.27367040846742,-0.402810719038882,-3.90847840866382
"T226",1,"General",1,"General",1,"General",1,"General",-0.780695375190704,-4.27367040846742,-1.06701930188387,-3.90847840866382
"T227",1,"General",1,"General",1,"General",1,"General",-0.834883817736248,-4.27367040846742,-0.953241689971563,-3.90847840866382
"T230",1,"General",1,"General",1,"General",1,"General",0.0196751550895612,-4.27367040846742,-1.55919809708091,-3.90847840866382
"T231",1,"General",1,"General",1,"General",1,"General",-0.331976945967494,-4.27367040846742,-1.2055821517013,-3.90847840866382
"T232",1,"General",3,"General",1,"General",3,"General",-0.235304808166516,-4.27367040846742,0.383646239643714,-3.90847840866382
"T233",1,"General",5,"General",1,"General",5,"General",-0.225793680363923,-4.27367040846742,0.967859178070062,-3.90847840866382
"T234",1,"General",1,"General",1,"General",1,"General",-0.963456643126566,-4.27367040846742,-0.970857398758832,-3.90847840866382
"T235",1,"General",1,"General",1,"General",NA,NA,-1.10820067376014,-4.27367040846742,NA,NA
"T236",1,"General",1,"General",1,"General",1,"General",-0.971399808345847,-4.27367040846742,-0.80259761108628,-3.90847840866382
"T237",1,"General",1,"General",1,"General",1,"General",-0.92433381346518,-4.27367040846742,-0.212296880977958,-3.90847840866382
"T240",2,"General",2,"General",2,"General",2,"General",0.315867947059403,-4.27367040846742,-0.0369943618469689,-3.90847840866382
"T241",1,"General",1,"General",1,"General",1,"General",-0.708415076006003,-4.27367040846742,-1.29509652480174,-3.90847840866382
"T242",1,"Extremities",4,"Extremities",1,"Extremities",4,"Extremities",-0.161837912975824,-4.27367040846742,0.512896577564263,-3.90847840866382
"T243",3,"General",1,"General",3,"General",1,"General",0.493521858918413,-4.27367040846742,-0.0934480129167881,-3.90847840866382
"T244",1,"General",1,"General",1,"General",1,"General",-0.926290859240415,-4.27367040846742,-1.30222661990085,-3.90847840866382
"T245",1,"General",1,"General",1,"General",1,"General",-1.46692363047449,-4.27367040846742,-0.0849915704613907,-3.90847840866382
"T246",1,"General",2,"General",1,"General",2,"General",-0.844595177787428,-4.27367040846742,-0.0685750377445952,-3.90847840866382
"T247",1,"General",1,"General",1,"General",1,"General",-1.04383438090873,-4.27367040846742,-1.18231111430288,-3.90847840866382
"T250",3,"General",5,"General",3,"General",5,"General",0.720836301893717,-4.27367040846742,0.95956649118067,-3.90847840866382
"T251",1,"General",1,"General",1,"General",1,"General",-0.218084186553507,-4.27367040846742,-1.08144574282147,-3.90847840866382
"T252",1,"General",2,"General",1,"General",2,"General",-0.130993294208258,-4.27367040846742,0.0851338154805654,-3.90847840866382
"T253",1,"General",1,"General",1,"General",1,"General",0.161450206818834,-4.27367040846742,-0.260297100008602,-3.90847840866382
"T254",1,"General",1,"General",1,"General",1,"General",-0.352809614085069,-4.27367040846742,-1.02377987434278,-3.90847840866382
"T256",1,"General",1,"General",1,"General",1,"General",-0.932646123360869,-4.27367040846742,-0.823772920724023,-3.90847840866382
"T257",1,"General",1,"General",1,"General",1,"General",-2.48174131251958,-4.27367040846742,-0.429248936037249,-3.90847840866382
"T260",1,"General",1,"General",1,"General",1,"General",0.202219386398522,-4.27367040846742,-3.23718823701474,-3.90847840866382
"T261",2,"General",5,"General",2,"General",5,"General",0.389776373817497,-4.27367040846742,1.76074580707279,-3.90847840866382
"T262",1,"General",1,"General",1,"General",NA,NA,-0.168382377984964,-4.27367040846742,NA,NA
"T263",1,"General",1,"General",1,"General",NA,NA,-0.705219534380306,-4.27367040846742,NA,NA
"T264",1,"General",1,"General",1,"General",1,"General",0.0655331632131945,-4.27367040846742,-2.79015087078228,-3.90847840866382
"T265",1,"General",1,"General",1,"General",1,"General",-0.592749283368499,-4.27367040846742,-4.53248795259023,-3.90847840866382
"T266",1,"General",1,"General",1,"General",1,"General",-1.15943182034491,-4.27367040846742,-1.07495413780401,-3.90847840866382
"T267",1,"General",1,"General",1,"General",NA,NA,-1.21652288360843,-4.27367040846742,NA,NA
"T268",1,"General",1,"General",1,"General",NA,NA,-0.822183959051316,-4.27367040846742,NA,NA
"T269",5,"General",1,"General",5,"General",1,"General",1.7545634358168,-4.27367040846742,-0.73850218924698,-3.90847840866382
"T270",5,"General",1,"General",5,"General",1,"General",1.8138040645171,-4.27367040846742,-0.941365099964498,-3.90847840866382
"T271",5,"General",1,"General",5,"General",1,"General",1.80255646737228,-4.27367040846742,-1.06124401919767,-3.90847840866382
"T272",5,"General",5,"General",5,"General",5,"General",1.38985164360153,-4.27367040846742,1.72717899959152,-3.90847840866382
"T273",5,"General",1,"General",5,"General",1,"General",1.66464669378114,-4.27367040846742,-1.64319176575717,-3.90847840866382
"T274",1,"General",1,"General",1,"General",NA,NA,-1.69029529362609,-4.27367040846742,NA,NA
"T275",5,"General",5,"General",5,"General",NA,NA,3.20019073331962,-4.27367040846742,NA,NA
"T276",1,"General",1,"General",1,"General",1,"General",-1.06390471578645,-4.27367040846742,-0.233847833085456,-3.90847840866382
"T277",1,"General",1,"General",NA,NA,1,"General",NA,NA,-0.896314773965126,-3.90847840866382
"T280",1,"General",1,"General",1,"General",1,"General",-1.54741254231944,-4.27367040846742,-0.924942853997774,-3.90847840866382
"T281",1,"General",1,"General",1,"General",NA,NA,-1.8585460589208,-4.27367040846742,NA,NA
"T282",1,"General",1,"General",1,"General",NA,NA,-1.48207884921708,-4.27367040846742,NA,NA
"T283",1,"General",1,"General",1,"General",NA,NA,-1.30833150461478,-4.27367040846742,NA,NA
"T284",1,"General",1,"General",1,"General",1,"General",-1.54567942040933,-4.27367040846742,-1.18299389531415,-3.90847840866382
"T285",4,"General",1,"General",4,"General",1,"General",0.916710697708294,-4.27367040846742,-0.233820818798108,-3.90847840866382
"T286",4,"General",1,"General",4,"General",1,"General",1.15593679343714,-4.27367040846742,-1.47049259648668,-3.90847840866382
"T287",1,"General",1,"General",1,"General",NA,NA,0.228128875910687,-4.27367040846742,NA,NA
"T288",1,"General",1,"General",1,"General",NA,NA,-1.15569002084978,-4.27367040846742,NA,NA
"T289",1,"General",1,"General",1,"General",NA,NA,-1.01723471617419,-4.27367040846742,NA,NA
"T300",1,"General",1,"General",1,"General",1,"General",0.048590672545465,-4.27367040846742,-1.12525889930718,-3.90847840866382
"T304",3,"General",3,"General",3,"General",NA,NA,0.483858880048888,-4.27367040846742,NA,NA
"T310",1,"General",1,"General",1,"General",1,"General",-0.561168473682796,-4.27367040846742,-0.437494298703626,-3.90847840866382
"T311",2,"General",3,"General",2,"General",3,"General",0.30688706496461,-4.27367040846742,0.449349588284246,-3.90847840866382
"T312",4,"General",3,"General",4,"General",3,"General",1.15226159895883,-4.27367040846742,0.370516059541802,-3.90847840866382
"T313",5,"General",5,"General",5,"General",5,"General",1.32728949523661,-4.27367040846742,1.25998803597752,-3.90847840866382
"T314",5,"General",5,"General",5,"General",5,"General",2.2580501859594,-4.27367040846742,1.7442265061323,-3.90847840866382
"T315",5,"General",5,"General",5,"General",5,"General",2.68010402989402,-4.27367040846742,4.74383023370819,-3.90847840866382
"T316",5,"General",1,"General",5,"General",1,"General",2.76431459669249,-4.27367040846742,-1.7991436309083,-3.90847840866382
"T317",5,"General",5,"General",5,"General",NA,NA,3.29044870744863,-4.27367040846742,NA,NA
"T318",5,"General",5,"General",5,"General",5,"General",3.14269509393699,-4.27367040846742,6.36921018378479,-3.90847840866382
"T319",5,"General",5,"General",5,"General",5,"General",3.73758027580136,-4.27367040846742,9.2150022322516,-3.90847840866382
"T320",1,"General",1,"General",1,"General",1,"General",-0.118429636245144,-4.27367040846742,-2.5220987614662,-3.90847840866382
"T321",4,"General",1,"General",4,"General",1,"General",1.27927825746965,-4.27367040846742,-1.67254598624572,-3.90847840866382
"T322",1,"General",1,"General",1,"General",1,"General",-0.794647188036471,-4.27367040846742,-1.32017703112531,-3.90847840866382
"T323",1,"General",1,"General",1,"General",NA,NA,-0.243536548093545,-4.27367040846742,NA,NA
"T324",1,"General",1,"General",1,"General",1,"General",-0.314919962579779,-4.27367040846742,-0.429080843888478,-3.90847840866382
"T79A",1,"Extremities",5,"Extremities",1,"Extremities",5,"Extremities",-0.130257044541684,-4.27367040846742,0.965185269822965,-3.90847840866382
